id,username,password,email_user,first_name,last_name
1,mfink0,vJF17<{C}Hxy.mHAr4%$*|8g,mfink0@php.net,Myrtice,Fink
2,aduetsche1,yVL08!)2Dl3NeeK_SW\'XyJ0{,aduetsche1@virginia.edu,Antonetta,Duetsche
3,tholberry2,wOK16'Zz\_Wiw?rS,tholberry2@chicagotribune.com,Tandi,Holberry
4,mmackellar3,"tZE21!?1,080oV$77",mmackellar3@indiatimes.com,Mikol,MacKellar
5,cdavidow4,"sOI03@uLmhAYwt,%YNP",cdavidow4@themeforest.net,Ciro,Davidow
6,fwestmoreland5,wXX27*Mxv@10?e$I),fwestmoreland5@java.com,Filip,Westmoreland
7,sfenby6,wJS10{tcp\ujWSZ,sfenby6@shop-pro.jp,Sile,Fenby
8,tgoodlatt7,vSV74?<%#7n8Li1,tgoodlatt7@wisc.edu,Thebault,Goodlatt
9,kschneidar8,yLS04>Ko1jWi.w*NLs'Ijt@I8,kschneidar8@ebay.co.uk,Korney,Schneidar
10,mlickess9,xSH07%'CKTJE#Gk0leL3,mlickess9@mlb.com,Margarette,Lickess
11,lcockshuta,qJW08&07|A!e=.AqRAZhteM`KK,lcockshuta@msn.com,Lily,Cockshut
12,nburcherb,"uTL88%n?Ff""YW$>P",nburcherb@live.com,Newton,Burcher
13,tactonc,sSE73?MT++4C}p(85S)Aj(RZRm,tactonc@latimes.com,Tirrell,Acton
14,pbruffelld,gXP08?!V_8FKK.*Wn,pbruffelld@globo.com,Petronia,Bruffell
15,mnussene,mUR92{c)k$E'rQ(%*mA=y'_l,mnussene@dion.ne.jp,Miriam,Nussen
16,fkeareyf,qCJ31'Jj&Wqg(B%(C?e,fkeareyf@dailymail.co.uk,Friedrick,Kearey
17,vahrendseng,wUZ83\u&ChpmH`xUC4{B,vahrendseng@cloudflare.com,Vladimir,Ahrendsen
18,bfairbrotherh,aII70`/CJG9nJz>M,bfairbrotherh@studiopress.com,Bendix,Fairbrother
19,mpottagei,fDI68/wjC3BvCPG2,mpottagei@imdb.com,Marlie,Pottage
20,nravensj,"tCT37+QtNs#2|ECinda9L$""",nravensj@constantcontact.com,Nessy,Ravens
21,wkayleyk,dOB60~n\u%M='G.f{,wkayleyk@php.net,Wyn,Kayley
22,nbachellierl,vXA77=WtN{(dho!e5NHs,nbachellierl@phoca.cz,Nadia,Bachellier
23,murwenm,hTO00?6XQm}R_L#uPrgR)8W,murwenm@java.com,Marcelo,Urwen
24,kbolsovern,hBS41{NY57G0&,kbolsovern@angelfire.com,Kerk,Bolsover
25,swoofindeno,"sDM90%uglaQ12.MV,4R",swoofindeno@arizona.edu,Sigismund,Woofinden
26,lnarduccip,"hVP44??ce}""_)",lnarduccip@desdev.cn,Lucina,Narducci
27,dgreggorq,"uXS59{g{)<&/SyN~1Pk6|$=dj,",dgreggorq@craigslist.org,Darill,Greggor
28,ppowr,eCS78(&+maRFQ7QaRx2?q\m,ppowr@facebook.com,Pen,Pow
29,fshanks,"sXP51""*&J8SOpx<4DMvt{",fshanks@tmall.com,Frans,Shank
30,jtaffarellot,zHP29@lgez}*@<Q%t%/?YM<V,jtaffarellot@jimdo.com,Jeanine,Taffarello
31,ejerromu,uAA71}r}hwEulg3Y+\7X8<>',ejerromu@businessinsider.com,Evanne,Jerrom
32,xcraufurdv,aBQ57+!VU<RqaO0=>.=#G(|,xcraufurdv@seattletimes.com,Ximenes,Craufurd
33,oingletonw,xNT52}7ayvqaw,oingletonw@google.com.au,Olivero,Ingleton
34,tjelkesx,iUR70`#~z0F(HfS$295',tjelkesx@harvard.edu,Torrance,Jelkes
35,creariey,aCL92@&QUC>{pN+L,creariey@google.fr,Chelsea,Rearie
36,mmacanespiez,"iJT97@8dV8""A!uwRk+!2olhL3",mmacanespiez@feedburner.com,Minetta,MacAnespie
37,nmuat10,fMO21)r$cc0iZ>{0?j@+,nmuat10@freewebs.com,Nial,Muat
38,gprangley11,"hKE38,bw5tT%|ShF#0",gprangley11@storify.com,Guthry,Prangley
39,rdodshun12,"jJO35,Xe,$IdPbPe0teCfP)m$h",rdodshun12@51.la,Ricky,Dodshun
40,olesley13,bMG27!2wKT1$Bf2MbyN$QQ%U7,olesley13@omniture.com,Oliver,Lesley
41,orainbow14,oIZ13}6E+UM~40sF7oNlR,orainbow14@technorati.com,Oswell,Rainbow
42,jleaming15,yKL64'bxk.rPBB*|xV&w,jleaming15@sina.com.cn,Juana,Leaming
43,rraunds16,wPB18\77o7N4rv,rraunds16@mapquest.com,Roldan,Raunds
44,ycheatle17,fNN14*>=?A<Ax3/a,ycheatle17@diigo.com,Yolande,Cheatle
45,dhacksby18,fGF67+zP*j<JVV~,dhacksby18@wordpress.com,Diena,Hacksby
46,ktallis19,wTT47&.UG'k!p&j2~A4m$ZN,ktallis19@tripadvisor.com,Kaitlynn,Tallis
47,jmcmurraya1a,"eSB69/o""ylml?JT~",jmcmurraya1a@amazon.de,Joanna,McMurraya
48,lmurden1b,"hNM51""k@f_%xi\iEe#\@lo",lmurden1b@webmd.com,Lorelle,Murden
49,ledgerly1c,vTS32}J&JxZT'i=/,ledgerly1c@163.com,Lin,Edgerly
50,gpendre1d,"oHE54,+mOOF@2u'~'Me0{V\$G<",gpendre1d@examiner.com,Gram,Pendre
51,lspinige1e,"rOY29~B+,\>%Z#W4x8#V",lspinige1e@arizona.edu,Loise,Spinige
52,acawthry1f,"oXW52,,Z6q""I/I",acawthry1f@businessinsider.com,Abrahan,Cawthry
53,splacide1g,jPL12?FVqzLz_OQeVl~$m92,splacide1g@ibm.com,Sigismundo,Placide
54,ibosch1h,xVJ83/8EBomFd.+x04uys`,ibosch1h@naver.com,Irvine,Bosch
55,fcannop1i,vIH65#.Lo5Osj/oR6,fcannop1i@over-blog.com,Frasquito,Cannop
56,sdavys1j,oSR59/'qT>xt}KKM,sdavys1j@ning.com,Sheelagh,Davys
57,nclappson1k,uEV25&VDz_qEIy2,nclappson1k@so-net.ne.jp,Nanni,Clappson
58,tmcgrath1l,sHT31'U7n8!v~#,tmcgrath1l@ox.ac.uk,Terri-jo,Mc Grath
59,bspreckley1m,yDT68+oJV\U?pLaBv,bspreckley1m@miibeian.gov.cn,Brita,Spreckley
60,cspenton1n,aOB82\NGGlI'U4Cwu{S=*/X7D3,cspenton1n@symantec.com,Claudell,Spenton
61,khulcoop1o,"lZM14@1,g|WakeB/a\i.""4R+",khulcoop1o@acquirethisname.com,Kakalina,Hulcoop
62,ihuskinson1p,mKE68'=`*nG~1/bGPiVv2\Uf,ihuskinson1p@abc.net.au,Iver,Huskinson
63,trosendale1q,"wKC03}YeA@wc""",trosendale1q@mail.ru,Torey,Rosendale
64,athornthwaite1r,"vSH59{qXN3,uN/=o\A#2ebyO",athornthwaite1r@imgur.com,Alayne,Thornthwaite
65,lfentem1s,xBD00+884.H*Wyo=,lfentem1s@cbsnews.com,Leopold,Fentem
66,dmoncaster1t,qSS71%d%'ju/M+KxKL,dmoncaster1t@photobucket.com,Dory,Moncaster
67,fbyforth1u,pPY18?iO_78iTDK@=4h@D`p09,fbyforth1u@cam.ac.uk,Fergus,Byforth
68,dyurasov1v,fYL05{fL_W%%)X,dyurasov1v@sitemeter.com,Dorie,Yurasov
69,tgreenman1w,nZA08_LAeEV\?ou.M@,tgreenman1w@fda.gov,Tandie,Greenman
70,msycamore1x,dMA58?20CG<*on1?whF\jWhT,msycamore1x@hubpages.com,Madison,Sycamore
71,bodoherty1y,"tDV40@i""=$5u7#&b",bodoherty1y@jiathis.com,Brenden,O'Doherty
72,canstice1z,"wBR06=F9fL`2e?>\=""nm`|`p""",canstice1z@newsvine.com,Chaim,Anstice
73,pportriss20,"uKH25!,?2kt)'",pportriss20@macromedia.com,Pate,Portriss
74,rfears21,hUT43!ES@gqLi',rfears21@gov.uk,Redd,Fears
75,vhorbart22,tHJ76(Xfs$bw?x.*g@jL,vhorbart22@mtv.com,Virgilio,Horbart
76,agallen23,aEG58\uQMu9iBZtS(0fBGI|,agallen23@craigslist.org,Augustine,Gallen
77,imclorinan24,"rQW58*ML?M~\RrU4DDW""D8",imclorinan24@deviantart.com,Isobel,McLorinan
78,uviles25,"dTC74@!%T53),&3""qiyRv",uviles25@bandcamp.com,Una,Viles
79,btuck26,jIL12`\||>tT9`<k=<sKf1uzb,btuck26@geocities.com,Bren,Tuck
80,tshurey27,"vTI99,1}b.RQnkEu(9U,@",tshurey27@blogs.com,Thorin,Shurey
81,bibbeson28,bBA78`yYlWcNZik0#H7NCt_`A,bibbeson28@alexa.com,Brennan,Ibbeson
82,cfrankcom29,"fQB28#h_3jzi9P,$,",cfrankcom29@51.la,Carine,Frankcom
83,tjosefs2a,"yEF54""vS?bYvI}$",tjosefs2a@1688.com,Thomasina,Josefs
84,vhiddy2b,sQR29@vhG$rBP(,vhiddy2b@live.com,Verla,Hiddy
85,srottgers2c,"gHQ62'tb,yE?|w)@it3(!kb,m",srottgers2c@digg.com,Sula,Rottgers
86,heddisford2d,"kTY40$V_ZOOU""%kJxxAk",heddisford2d@typepad.com,Hamilton,Eddisford
87,htunnah2e,"iUQ42.B""oTkdJ2#}{,Y",htunnah2e@flavors.me,Holly,Tunnah
88,pnawton2f,mID17(rY`QzjUG,pnawton2f@harvard.edu,Pearline,Nawton
89,baveray2g,"cKW85?p`Xgnr>""7n\Y.B",baveray2g@dailymotion.com,Buckie,Averay
90,hjellybrand2h,dLQ70@.uR?U~LD1<`h'#S`8,hjellybrand2h@yandex.ru,Hamid,Jellybrand
91,nbrampton2i,rQH17(!mG)##B4,nbrampton2i@freewebs.com,Nikolaos,Brampton
92,gbeddard2j,zVU04`O_sv\FZ`$KD,gbeddard2j@oracle.com,Gasper,Beddard
93,rbonifacio2k,pCF17(fD~Nt`(u0J7BNt%!|,rbonifacio2k@godaddy.com,Remington,Bonifacio
94,gprestedge2l,wFT68\&s~V736(9=}f(E&71,gprestedge2l@wordpress.com,Gradeigh,Prestedge
95,bhamshar2m,wKL16@TQ!#=oU`KgX)o\*~f,bhamshar2m@de.vu,Batholomew,Hamshar
96,dlamble2n,wRW69>RzT3Hg+iD,dlamble2n@constantcontact.com,Dynah,Lamble
97,rtommaseo2o,kBH06#@OcCUP=*JXo,rtommaseo2o@xing.com,Rubi,Tommaseo
98,hfraulo2p,dAK60~NVl352UG('l%q_,hfraulo2p@shareasale.com,Herb,Fraulo
99,mbranchflower2q,xHN21@%Rc$cl(0vDCT5,mbranchflower2q@weebly.com,Mordecai,Branchflower
100,bpragnall2r,tHX35/t=WCP6fQD,bpragnall2r@drupal.org,Bryn,Pragnall
101,mcodner2s,"qQB12,##a4h\Ng4E'Q9vOl7F",mcodner2s@issuu.com,Marlin,Codner
102,fpittman2t,iBF46#7c\g@1'),fpittman2t@imageshack.us,Fawnia,Pittman
103,rhowis2u,"dRW18%r,ALPsE",rhowis2u@google.fr,Randolph,Howis
104,lalexander2v,pHW79%*XH4zTa,lalexander2v@bbc.co.uk,Leann,Alexander
105,rtenny2w,uOE50<i#uN2kGKTmj@,rtenny2w@ca.gov,Ralph,Tenny
106,ochellam2x,uZY75)ey}EnP7soilM),ochellam2x@livejournal.com,Ora,Chellam
107,mkiwitz2y,jQQ02>N%5+G4tb0m6rEm,mkiwitz2y@berkeley.edu,Milton,Kiwitz
108,mrickis2z,yLJ99#294Aiy0m'lYXcN,mrickis2z@wordpress.com,Madelena,Rickis
109,btroman30,"jSI48<9qi\,DE",btroman30@independent.co.uk,Benjamen,Troman
110,cdenholm31,"fNM83/U|ik<R|ZPcJIqro,f",cdenholm31@fda.gov,Charla,Denholm
111,bgreenaway32,lUL56($hvepBU>HtJjf~xb',bgreenaway32@state.gov,Blake,Greenaway
112,cpeppin33,"dQQ33=7,Rlwb7)X""WJt#EKUuzd",cpeppin33@rakuten.co.jp,Clarette,Peppin
113,tstovin34,vGN52`mH7Vmwdi8Oyn\Y9,tstovin34@hubpages.com,Traci,Stovin
114,adjekic35,yYP27}|njhQbKKgStq!}{f1,adjekic35@privacy.gov.au,Amii,Djekic
115,ametzel36,"mQS65,Cq&bxnc1dke8hC,Gi",ametzel36@biglobe.ne.jp,Ade,Metzel
116,hgoady37,qMU09>X\=jb5z_8X',hgoady37@deviantart.com,Horacio,Goady
117,makess38,vOX38*A|a)f1o9T,makess38@google.co.jp,Mathilde,Akess
118,fkleisle39,zTH72~WYCZfZmW294@0ow,fkleisle39@sciencedirect.com,Fidelia,Kleisle
119,jgearing3a,oTX93)P5/v+TQjk,jgearing3a@vinaora.com,James,Gearing
120,dpieter3b,qIV53|.lwx`d6X!K/\*>{p*$,dpieter3b@howstuffworks.com,Debby,Pieter
121,elyptrit3c,"mDM24,dW6|dE3",elyptrit3c@github.io,Evyn,Lyptrit
122,talves3d,"oXN84%.=f9""xh+XFj10MZ",talves3d@altervista.org,Terri,Alves
123,amonksfield3e,dFS16~(|o\s5p}I%ws,amonksfield3e@pagesperso-orange.fr,Alden,Monksfield
124,cmyrick3f,"eMT61!QRx~?fn2N+,<xM",cmyrick3f@jalbum.net,Charmane,Myrick
125,rstealfox3g,"rIA39""\i%GRg(zPH&7(1ya8",rstealfox3g@utexas.edu,Rodi,Stealfox
126,lsimonett3h,"bHW08""iQEt4sciNsYRibj",lsimonett3h@irs.gov,Lionello,Simonett
127,vwyldes3i,"eBX37.`?,w~$v9=",vwyldes3i@cdbaby.com,Vin,Wyldes
128,fgorgler3j,bOQ23?AnUa6ob'*R&PwswlgvX,fgorgler3j@myspace.com,Fredrick,Gorgler
129,dive3k,"jMC67=&m""`Wb`Nn2",dive3k@storify.com,Dennet,Ive
130,tcarstairs3l,lNX17}.V+iUjglT&ypI2wdl,tcarstairs3l@ucoz.ru,Tandi,Carstairs
131,efraschini3m,uXO92=TSYt@>POW(q{Cip}/\2t,efraschini3m@naver.com,Efren,Fraschini
132,kblinckhorne3n,pTX88(v9hyLmEv?w<f7*E8>Y6,kblinckhorne3n@smugmug.com,Katherina,Blinckhorne
133,abullimore3o,eUX66=rrg\Y9G,abullimore3o@desdev.cn,Alphard,Bullimore
134,maudritt3p,"iGR79!j""LSJBe53OS=\",maudritt3p@themeforest.net,Maurise,Audritt
135,chebblewhite3q,wRL71{K>VMsJdIx?t\`++CPcDY,chebblewhite3q@dropbox.com,Carlynn,Hebblewhite
136,iczadla3r,hPB49<o?$X?Fu|uRd,iczadla3r@nba.com,Ilse,Czadla
137,epittham3s,"mQV56\#V*,G62qWWtPt`gI@",epittham3s@amazon.co.uk,Elmer,Pittham
138,dpollington3t,uRW50>VT_SStR7~U.=>,dpollington3t@quantcast.com,Darrin,Pollington
139,acaddell3u,zNS88>{fXrs6BDWh{XE=seyQdH,acaddell3u@wp.com,Allin,Caddell
140,agarfoot3v,cND50.zG{H8.Z,agarfoot3v@imgur.com,Amabelle,Garfoot
141,yemloch3w,"qJU63|GKmZ,Addb/HufZB",yemloch3w@blog.com,Yetty,Emloch
142,fzylbermann3x,"tUK81?""iywPK|7,&J<hpN+fe",fzylbermann3x@wordpress.org,Far,Zylbermann
143,sstones3y,kRH13.2qQ&EUFwf,sstones3y@japanpost.jp,Silvana,Stones
144,btowsey3z,zWR83\k=@f10M?R}ywE@`z,btowsey3z@usatoday.com,Brandais,Towsey
145,tsteers40,"lGY57#{{~z1G8spc0&=A""p49$#",tsteers40@tinyurl.com,Torre,Steers
146,rjewers41,oJS34'2vml_PDhP},rjewers41@washingtonpost.com,Rowan,Jewers
147,pmedgwick42,"rFO16`7FXFk\Uf``ssIA_R""(SW",pmedgwick42@facebook.com,Prudy,Medgwick
148,vbraunfeld43,jHF92\UeFvAG*NVg}d5lCA,vbraunfeld43@imageshack.us,Vita,Braunfeld
149,kstute44,cOK63@H90LZ}Debel=,kstute44@ow.ly,Keefe,Stute
150,cwhitsun45,xNN89{hR?J*`8MhS,cwhitsun45@geocities.jp,Connie,Whitsun
151,scantrill46,yZY12+`5Tu{>*MTs)R2b$Z!,scantrill46@amazon.com,Sheila,Cantrill
152,cbestall47,"xPK91,p92#,lks9RGdS$Yiteq4",cbestall47@engadget.com,Cinnamon,Bestall
153,gsimmank48,zUX69*48/J2weaNOet1s.<xS%B,gsimmank48@lycos.com,Gregoor,Simmank
154,shelleckas49,"mQI52?l<$l/=#""nd",shelleckas49@naver.com,Sherry,Helleckas
155,mteaser4a,cEQ41}e_fbLrs,mteaser4a@epa.gov,Mirilla,Teaser
156,elonding4b,oHA24!Z#Ft#yzN,elonding4b@parallels.com,Emmy,Londing
157,kmuge4c,vLY84'?wVG(r)m''V${fDWbh,kmuge4c@topsy.com,Kendal,Muge
158,gtrowill4d,cIR44{SdVrvxbp,gtrowill4d@youtube.com,Genevieve,Trowill
159,sstackbridge4e,"sNT41=K>""Fk{V_B+!Rr6?",sstackbridge4e@de.vu,Shaw,Stackbridge
160,aminelli4f,"eKC78""ge!T)&ybW+hA2A*9",aminelli4f@ted.com,Adan,Minelli
161,mliven4g,tHG23/p4@px7M,mliven4g@biglobe.ne.jp,Manny,Liven
162,epesticcio4h,vOC57=)qO|Wa<9$#v>xS(Hq|,epesticcio4h@shop-pro.jp,Edouard,Pesticcio
163,cdo4i,pJJ53#S5i'0)<X,cdo4i@fc2.com,Corly,Do
164,cmckenzie4j,eCR99)e(XaT?r?N`Fg,cmckenzie4j@amazon.com,Curr,McKenzie
165,ghemms4k,zSL03_QbFFgCU$(y06i(At#kr,ghemms4k@furl.net,Garrik,Hemms
166,mbreydin4l,rWS70|H}U\}T~Vv|Y#zgAr't{,mbreydin4l@sfgate.com,Marylynne,Breydin
167,crandleson4m,"cDD31/S#NQaO2{$b+Gv9|,\V",crandleson4m@state.tx.us,Ciro,Randleson
168,dskudder4n,qUQ08<vily.Eo}4FFOs7IkWY?,dskudder4n@illinois.edu,Dominic,Skudder
169,bwooffitt4o,aMP51%ksx0Evy,bwooffitt4o@bloomberg.com,Brianna,Wooffitt
170,mhandlin4p,aTB56~i@\SGP&o1L,mhandlin4p@princeton.edu,Manya,Handlin
171,kfoucard4q,hZT10{h'9f\(=mY,kfoucard4q@theguardian.com,Kathryne,Foucard
172,adymoke4r,pIV58.nkXaZj0Kx4)@,adymoke4r@statcounter.com,Aksel,Dymoke
173,ckinnin4s,kCL96\#y&/~*qY}0~6,ckinnin4s@com.com,Caril,Kinnin
174,dsimioni4t,"oRK15)""53dQaAN",dsimioni4t@gnu.org,Dorita,Simioni
175,dgriniov4u,wAV35\lL2#d<sl0O\+*(uzU,dgriniov4u@cnbc.com,Darby,Griniov
176,bpeile4v,"aEY14"">a?|>,l137Pg?l!H*t",bpeile4v@t.co,Binny,Peile
177,aslaymaker4w,yGF25%M?GB&chYtV,aslaymaker4w@ucoz.com,Averell,Slaymaker
178,jginni4x,dOF23{FFK>uo_a7Gq?W)r7fnu`,jginni4x@examiner.com,Jenica,Ginni
179,ivigars4y,"kTO51$2""vw2zRSdZn@8dEDo",ivigars4y@comcast.net,Ilysa,Vigars
180,jdivell4z,"zZB51)!DR3._L""S,7Xc\+p`9",jdivell4z@thetimes.co.uk,Jobina,Divell
181,zchaplin50,cKE16|pSVbmD&Q*0NHpm.0z&_N,zchaplin50@gnu.org,Zora,Chaplin
182,lommundsen51,iXV61)TzjH\I_~,lommundsen51@wikipedia.org,Lloyd,Ommundsen
183,lferencowicz52,tOU36&neJJmX>+q5)ZH0G,lferencowicz52@google.fr,Lonnie,Ferencowicz
184,ascarr53,oTX25(L}p(2soT!kWg?3b1,ascarr53@foxnews.com,Amye,Scarr
185,maicheson54,"aQA22*d}PS~n~B""p@E(z",maicheson54@pbs.org,Maryjo,Aicheson
186,medworthie55,"bGP82%""O.E/(jH++",medworthie55@tripod.com,Mauricio,Edworthie
187,zmathers56,"iCP05$sUP7,vBW|DK'ETf%q\_$",zmathers56@skyrock.com,Zulema,Mathers
188,tmacquaker57,"cKL09<P""`9pJ$W@N=",tmacquaker57@cisco.com,Tana,MacQuaker
189,dmellish58,"nGU91>B,|Ax8`_@APG21mn6_$B",dmellish58@ustream.tv,Dominique,Mellish
190,brathe59,aCM17?5|jb){p|}R?ysXZ,brathe59@howstuffworks.com,Bronny,Rathe
191,ebortolini5a,gBL20(B|mxI}!InhQSSR{,ebortolini5a@slate.com,Ervin,Bortolini
192,tcarlton5b,hBF53%PCCqfyl'GjInc=,tcarlton5b@xing.com,Thebault,Carlton
193,lboulds5c,"fCH52+E(5,twvh$ztaVlvmI8Z2",lboulds5c@mysql.com,Lucilia,Boulds
194,nantao5d,"cYH37%Y$3""l>OlkTocWq",nantao5d@parallels.com,Norry,Antao
195,htuther5e,fIZ02/iz7G5+Sqmc?V%<*,htuther5e@is.gd,Hamid,Tuther
196,rgrigorey5f,pOF13~Mm/Jg`Aa',rgrigorey5f@about.me,Regan,Grigorey
197,vflack5g,iBQ19?UTanXGt'G#_q9`KW\WL),vflack5g@fema.gov,Violante,Flack
198,nhowe5h,"yQZ33)''jiYNc""18",nhowe5h@cam.ac.uk,Nathalia,Howe
199,fturfin5i,"gQG77\(}Q$~=T14x{E,""Z$'mn",fturfin5i@networksolutions.com,Francesca,Turfin
200,apechell5j,"eQO59$&PRbFy%Jj""tT",apechell5j@trellian.com,Alina,Pechell
201,bbullick5k,yDA07?u6m`uT'%`wM1HM>J3{,bbullick5k@vinaora.com,Baxie,Bullick
202,kaxe5l,fLB43.m'C3s~kNTApbq{3?9UB,kaxe5l@symantec.com,Kimbell,Axe
203,sfeyer5m,tNV00~EXyW7T#7N3D&Z,sfeyer5m@live.com,Sharia,Feyer
204,bdrinkale5n,fQS39=irM(`=qD?W,bdrinkale5n@rakuten.co.jp,Brandy,Drinkale
205,aclyant5o,kTS95<SelZWcSY&*,aclyant5o@mozilla.org,Amber,Clyant
206,badess5p,wDF39{l>0prittkH%n33$}k=A,badess5p@psu.edu,Burton,Adess
207,jbarday5q,"pOL15/((mqhwtT1""",jbarday5q@china.com.cn,Jorge,Barday
208,gbehnecke5r,fUY75)$'`r%+t1@,gbehnecke5r@a8.net,Georgianne,Behnecke
209,sagar5s,"hUC63,pJH!Z""j<n,9=",sagar5s@microsoft.com,Susie,Agar
210,walti5t,zHV53$yZYnvF37c~R9,walti5t@tinypic.com,Wakefield,Alti
211,jpepper5u,"yQF36#tguQOK&a,k",jpepper5u@accuweather.com,Jorry,Pepper
212,ddovidian5v,nFE57*p4t!HQFF'n#,ddovidian5v@pinterest.com,Devlin,Dovidian
213,iculbert5w,zXD99~9Y)CHz{XX'q*,iculbert5w@baidu.com,Ignatius,Culbert
214,rposselow5x,qLA57!T9YkDX$2dg,rposselow5x@wisc.edu,Roarke,Posselow
215,rclerc5y,iIG48%S@C9NR\#/XuW,rclerc5y@hostgator.com,Ramonda,Clerc
216,boag5z,"jTC02""u/a*VZ>`",boag5z@apache.org,Benoite,Oag
217,areinisch60,sQX77)@3&Outz*{.~MtLt}Gyv,areinisch60@google.es,Agustin,Reinisch
218,tskellion61,qEW67&h!jzn'R_B2oR*,tskellion61@plala.or.jp,Trevor,Skellion
219,mquarry62,oQM95%A'YHMDVEAI@$V,mquarry62@java.com,Madelene,Quarry
220,idrewes63,cHC66/sHglMwx,idrewes63@github.com,Ivie,Drewes
221,cfluit64,cIP21`s_oWvV&9,cfluit64@tamu.edu,Cymbre,Fluit
222,nmorphey65,fZG67//p|<mOi0KdA|J,nmorphey65@huffingtonpost.com,Nyssa,Morphey
223,ggaythor66,gVR83|560Atj4ND|d.(,ggaythor66@sina.com.cn,Gay,Gaythor
224,iroake67,qRU55~EDS}E`4lt&}.4,iroake67@ft.com,Iseabal,Roake
225,pcroston68,"oXB80<}Yc(vSvtCQX&*Gw%%e6""",pcroston68@elegantthemes.com,Paolina,Croston
226,dclausen69,uBM27<+|opLVKo\Fki,dclausen69@dell.com,Delphinia,Clausen
227,nwalpole6a,eIB72'F{J\+e$ZGaX>Qx,nwalpole6a@reuters.com,Noah,Walpole
228,cmcramsey6b,vVM85`L&}\k&b0Ym.xs4,cmcramsey6b@dot.gov,Corbett,McRamsey
229,lbillings6c,xNC01>f`@'LTF,lbillings6c@fotki.com,Lionel,Billings
230,rbernadot6d,nJC80~!@A6)=|\Ca%e_jR1Ef,rbernadot6d@liveinternet.ru,Roderick,Bernadot
231,akleeborn6e,kPY54`E+(*'.j),akleeborn6e@wired.com,Adina,Kleeborn
232,churll6f,jJX82@L+M2jlK9{GkBE,churll6f@virginia.edu,Curt,Hurll
233,cferdinand6g,hTP50>M56Kbg$fe*s#rW!,cferdinand6g@opensource.org,Carmine,Ferdinand
234,lbateup6h,lHU51!Wc6#jZy,lbateup6h@bloglovin.com,Luce,Bateup
235,ewarcop6i,eHI85.=4bVk9DH~=DE,ewarcop6i@fda.gov,Esmeralda,Warcop
236,jroman6j,rCG22*~U6h3.n~,jroman6j@upenn.edu,Jocelyne,Roman
237,arounce6k,uWF56@c!RNE<{}%(r#,arounce6k@booking.com,Ambrosius,Rounce
238,ucordeix6l,eSL19!O$3<{Eid6YAI|yw9qlIQ,ucordeix6l@si.edu,Ula,Cordeix
239,aholttom6m,rBO62&bT_?Q`RudFMhX,aholttom6m@google.com.hk,Alexandre,Holttom
240,frozet6n,bUV54*Rl*KITTl+ud$T,frozet6n@archive.org,Flora,Rozet
241,ffoxten6o,rXR04`rQT$E1J\,ffoxten6o@ibm.com,Faunie,Foxten
242,jfareweather6p,xYJ99>Q$=Ewj|zCX/Ic,jfareweather6p@nasa.gov,Josefa,Fareweather
243,npiperley6q,"aHA12(M?=6tYD4vCNe7""pE",npiperley6q@indiatimes.com,Nevins,Piperley
244,kplester6r,yWL69&wNg6f&@J4xNO2SZuI4o,kplester6r@constantcontact.com,Keir,Plester
245,kcopin6s,hHC27!}%_lp%q,kcopin6s@wix.com,Kristy,Copin
246,gkleynen6t,hMV57=0Z7$n#rY4I0#\qyrX4,gkleynen6t@t-online.de,Ginger,Kleynen
247,hhext6u,"mGV33|D""""l,RpC181u?mW|HB,",hhext6u@desdev.cn,Hazlett,Hext
248,ishackelton6v,iAF29\2pNDKvovOY9$d=ByNsXz,ishackelton6v@miibeian.gov.cn,Ilaire,Shackelton
249,bchinery6w,qBM58{{KjM&z}9t,bchinery6w@wix.com,Bert,Chinery
250,icouve6x,bRO59!yDf|w_mDWUL#h%G{gG7,icouve6x@youku.com,Issi,Couve
251,jeliassen6y,"rPA50""/$6ZB1{",jeliassen6y@fc2.com,Jarrad,Eliassen
252,bmangham6z,"fOX26'+Iq4V#&\P/m""{'",bmangham6z@yellowbook.com,Barry,Mangham
253,cgunbie70,xLM57\p1=lrweK,cgunbie70@va.gov,Corey,Gunbie
254,bgallamore71,lMB31.D)8sVUddJ`v.3|*t,bgallamore71@msn.com,Beverlee,Gallamore
255,voleszczak72,"yCS63@=3.diAnP1'',h&",voleszczak72@marriott.com,Vergil,Oleszczak
256,nburthom73,"jUB25@4G$P*R""fbgbm8vjALFT",nburthom73@wired.com,Nikoletta,Burthom
257,lohannigan74,bEL02+_$QHk&?n%C,lohannigan74@hatena.ne.jp,Leda,O'Hannigan
258,mbellefant75,"uQW95!2=5s&ONX#""t",mbellefant75@oakley.com,Maura,Bellefant
259,mgierardi76,rWV61\Oq{ULGeLD,mgierardi76@goo.ne.jp,Mil,Gierardi
260,tocrotty77,mGT91*/AaEBgxY@A8pu,tocrotty77@huffingtonpost.com,Theodore,O'Crotty
261,akillingback78,"xJG52+T""V.T3||2""",akillingback78@va.gov,Anastasia,Killingback
262,nfassum79,"hTD62>!g`l""eg&(",nfassum79@paginegialle.it,Nicola,Fassum
263,arhule7a,gVZ55&LahR8ye,arhule7a@angelfire.com,April,Rhule
264,sbyford7b,"pUP84!B=E""GK0%<<f@",sbyford7b@cyberchimps.com,Steffie,Byford
265,stolworthy7c,dDD24)3<V6J4HR2,stolworthy7c@google.es,Sly,Tolworthy
266,gmuccino7d,rAC83+>5QaBb#Y{x'92H4\.,gmuccino7d@hp.com,Gena,Muccino
267,eharms7e,"hUK25$p=5I@3Kdn$,\}~`!1WT>",eharms7e@technorati.com,Emmy,Harms
268,ekleinlerer7f,gZL24{ZG6G7NBO1Xjgb@',ekleinlerer7f@cyberchimps.com,Erena,Kleinlerer
269,mdoogan7g,"zAR05*!$4hfa*tx)OQWxl""yy"",",mdoogan7g@toplist.cz,Margie,Doogan
270,itrotman7h,jRE04?1L<~e$HE,itrotman7h@miitbeian.gov.cn,Irita,Trotman
271,jbestiman7i,vDE19'}F3TP0S%,jbestiman7i@fda.gov,Jessamine,Bestiman
272,cmudd7j,cQF41=)a&$KlR,cmudd7j@hatena.ne.jp,Claudio,Mudd
273,pewens7k,nAE02$DB6mY_&t8y0,pewens7k@howstuffworks.com,Park,Ewens
274,jverralls7l,xNK29({k'jNt+*,jverralls7l@addtoany.com,Judye,Verralls
275,emullard7m,aGQ79+Rey.|&*+rqHC7_r#,emullard7m@skyrock.com,Elene,Mullard
276,mdursley7n,"fSM21~%X#!!1J,,lsiRv",mdursley7n@cam.ac.uk,Michel,Dursley
277,rmarton7o,wQQ11!=do4AOB&9Sy>6?T,rmarton7o@epa.gov,Royce,Marton
278,jhaggidon7p,oBV30!2Cf`|FWL47BKc{Qe.\1,jhaggidon7p@vimeo.com,Jackie,Haggidon
279,ucinavas7q,gXA25++6U0t%abrSFMrz*,ucinavas7q@marriott.com,Ulrikaumeko,Cinavas
280,ssaxon7r,fZE23#JSy4nDo5c2D,ssaxon7r@php.net,Sharity,Saxon
281,gwatman7s,pCV44\$AL6.L$RK!K,gwatman7s@ucoz.ru,Gris,Watman
282,hmillery7t,"xWC13$HaL,p}9%N",hmillery7t@mlb.com,Harmonia,Millery
283,brawdall7u,oIJ67%o%6x>>{,brawdall7u@blogger.com,Bernadina,Rawdall
284,jpawelczyk7v,uRA06~cni*xEOjScp<C,jpawelczyk7v@4shared.com,Johan,Pawelczyk
285,jtumini7w,"dGU56{9CqmXE)>(+a2)NKZ,GC",jtumini7w@list-manage.com,Jaimie,Tumini
286,tflaunders7x,pQP38+kkL'@~c`PvrA*,tflaunders7x@bbb.org,Therese,Flaunders
287,mhuckett7y,yKC18>xRJEhq0QbT&tn(,mhuckett7y@goo.ne.jp,Morty,Huckett
288,akrikorian7z,vQK81/nLtFUCSHu#*`,akrikorian7z@uol.com.br,Anstice,Krikorian
289,abeagen80,"aJA49~)byM*g,F,1')*tKM~{*",abeagen80@sphinn.com,Astra,Beagen
290,eberkeley81,mXE21_FA*x*F633~Vc.d,eberkeley81@statcounter.com,Ebenezer,Berkeley
291,ooshiel82,"rNM95'gMm,Rw$KuLQx86laZ957",ooshiel82@prnewswire.com,Oralia,O'Shiel
292,fsteele83,"bFS62>3,Rz)e|&nyJ1!6cJ",fsteele83@yelp.com,Farrand,Steele
293,cegell84,nIP33<>O>@%dovHs|r,cegell84@wikispaces.com,Chev,Egell
294,rwilmington85,dNI61!/.>x9Ll,rwilmington85@google.nl,Robinette,Wilmington
295,gmanicom86,hLR57@z`!5x&~74/d,gmanicom86@aol.com,Geno,Manicom
296,hvanhault87,"qXK94=QjN""?\*",hvanhault87@newyorker.com,Had,Van Hault
297,dash88,"pQE81(""F*R0EL5Z",dash88@ft.com,Dallas,Ash
298,ctolliday89,fNH97%L3ZNPhXyGI)S6*QQU,ctolliday89@kickstarter.com,Cecil,Tolliday
299,ssaxton8a,mDR39`bTabdacBQa?#IYQO3DrP,ssaxton8a@noaa.gov,Silvana,Saxton
300,tgilder8b,rWQ23|pSX&<8n11$B%&%9n,tgilder8b@dion.ne.jp,Tresa,Gilder
301,tjancik8c,uFV07.YnTV$Tj,tjancik8c@dagondesign.com,Torry,Jancik
302,tdanelut8d,"mLO59{2/Oak81""",tdanelut8d@blogtalkradio.com,Theresita,Danelut
303,sfitton8e,"jGY89=z@,R)/bs26V?d{'7eZ,s",sfitton8e@livejournal.com,Stephanus,Fitton
304,wramsden8f,fHX00#nEfxT8`e>=m@<yY,wramsden8f@mit.edu,Winna,Ramsden
305,rfountaine8g,dQH67$KuaE|oC<rH_o>DYL)%`R,rfountaine8g@npr.org,Rori,Fountaine
306,rlemin8h,cDC95%Dc{NGW9(vz@*hW3,rlemin8h@symantec.com,Ricca,Lemin
307,dlangham8i,kKL50{M9FvD4/5i{Pg?,dlangham8i@cyberchimps.com,Derrek,Langham
308,tmarkushkin8j,"qQN76`7l4Cy<e""X2O0J1r",tmarkushkin8j@google.cn,Terence,Markushkin
309,jloffill8k,yTY12?CK{I(xpk$q.jp5Z9S4/,jloffill8k@rediff.com,Johan,Loffill
310,jcoppenhall8l,sKR94%PrvtHzu<Jruf6s,jcoppenhall8l@cornell.edu,Junia,Coppenhall
311,jronan8m,hQS89{F)e3I_'kvOv5s,jronan8m@upenn.edu,Jerrilee,Ronan
312,ecords8n,jOS98$O5h?\(fS~',ecords8n@over-blog.com,Emerson,Cords
313,rpurves8o,rZB33.>C\o<@$R0rJm6wP,rpurves8o@istockphoto.com,Rickey,Purves
314,lmanie8p,gAC17!p%b!+DF4z?,lmanie8p@oaic.gov.au,Lolita,Manie
315,gguilford8q,"zWX63_<G*j&!""ib7w}O",gguilford8q@jugem.jp,Gerry,Guilford
316,lnoor8r,"aZF76`}2@nJq""(?SR<9d?6E@",lnoor8r@hud.gov,Les,Noor
317,eguyet8s,kVI37@*|?}>.E=Pl_M6,eguyet8s@miibeian.gov.cn,Ernst,Guyet
318,nmacghee8t,rHU71=Qgs=iHMkIt%#<&Fl},nmacghee8t@furl.net,Neron,MacGhee
319,bsultan8u,"aZP47|fiD@v%V""qzhMSi",bsultan8u@theglobeandmail.com,Bernadene,Sultan
320,bbandy8v,zDI13`7l1wfRs1$tVO<*lzTHJ,bbandy8v@woothemes.com,Biddy,Bandy
321,dollerenshaw8w,pEM67!Nzmi/!zS2,dollerenshaw8w@buzzfeed.com,Dulciana,Ollerenshaw
322,pwhitham8x,"gTU98""nz}QK}&K",pwhitham8x@redcross.org,Prentiss,Whitham
323,jlebrun8y,"vGR97|D6SC`zb""2'rrR4f`c>o#",jlebrun8y@arizona.edu,Jackelyn,Le Brun
324,ckelemen8z,"vFQ85$F9P&kn3`#o8dS&,=",ckelemen8z@wordpress.com,Clyve,Kelemen
325,kbetonia90,mDL77_P(0p/>tq5,kbetonia90@cafepress.com,Koral,Betonia
326,bedkins91,"cQQ06""{/%EOcO)bt9$N1hM{#o@",bedkins91@sbwire.com,Benedicta,Edkins
327,ldumblton92,zFA37><uDa5GPMv<nYZ_uy|qA,ldumblton92@nifty.com,Lottie,Dumblton
328,dtooting93,lGY67@1gYjwuG,dtooting93@list-manage.com,Della,Tooting
329,dmacak94,sLD83<oRw724c7?mwHQ9#*!!d,dmacak94@usda.gov,Derron,Macak
330,hiban95,"gEW59#.i}.2z0j""3Y$d),j",hiban95@twitter.com,Hew,Iban
331,gclingan96,yXG14.VPG=itONXH,gclingan96@home.pl,Gardner,Clingan
332,amauro97,rVS48}p#GP$ea2o(4VU.Rz}DEa,amauro97@chronoengine.com,Ashli,Mauro
333,jglowacz98,jIN18}U{qJwLVblGt<1TElo,jglowacz98@miitbeian.gov.cn,Jarib,Glowacz
334,rwearing99,oPY96&_U}!=j>,rwearing99@amazon.co.uk,Rick,Wearing
335,gdifrancesco9a,"pZV91\qtFI8A<uv,!9f$RP(a",gdifrancesco9a@columbia.edu,Griz,Di Francesco
336,gbaldery9b,"bRP47)0o}ObH9vf,T~=Ibi9Czk",gbaldery9b@hc360.com,Gilemette,Baldery
337,rjarred9c,"uVE12""25v=<Zs""'G>HB*68_1z",rjarred9c@ed.gov,Roarke,Jarred
338,cpurchase9d,kQU15%%(y\KZqzXSc\{D&a,cpurchase9d@devhub.com,Crystal,Purchase
339,gdewfall9e,sSZ21}{D5SYU`&PM}a'60Yb8,gdewfall9e@wp.com,Gavra,Dewfall
340,dwiddison9f,mVA93|sygHbcmxI,dwiddison9f@accuweather.com,Dicky,Widdison
341,tferrarin9g,wLO53?S!!2OH<7$=3YP&w,tferrarin9g@earthlink.net,Tressa,Ferrarin
342,lbeverage9h,hQD96*)V'y>w?\,lbeverage9h@histats.com,Lindsay,Beverage
343,mquince9i,lSA50+U6RQK@&,mquince9i@bbb.org,Meggy,Quince
344,cwashbrook9j,eTX08<cS~7/guIAjY0q\Y%7/mS,cwashbrook9j@theatlantic.com,Chere,Washbrook
345,znutton9k,eIP97$SzPiKj<J4be)/{n18a,znutton9k@arizona.edu,Zedekiah,Nutton
346,fformoy9l,kKL41?f(/=\ab1_>*2XkPn,fformoy9l@tamu.edu,Frank,Formoy
347,idavidov9m,"nJJ30<Y""<7swQcu7CID#A_'sZ$",idavidov9m@spiegel.de,Iver,Davidov
348,jseagood9n,vVW44$L}p7e&(~,jseagood9n@dell.com,Jacynth,Seagood
349,kjordanson9o,zOV94{10WbgXMh$S@f|l,kjordanson9o@topsy.com,Kata,Jordanson
350,kdoding9p,dHD71`<'hUouS'G>NNQ@w%hCz,kdoding9p@naver.com,Kain,Doding
351,imackain9q,"wZH00""2U}H<ui#j09iB/C~)07V",imackain9q@hp.com,Ignatius,MacKain
352,cpummell9r,nLD22`~99NM>q%$rB6_,cpummell9r@yolasite.com,Catina,Pummell
353,dbahde9s,gSW95=OPa+&j1xs,dbahde9s@mit.edu,Damian,Bahde
354,ncasterot9t,wKX25<olr>/vy{!|&,ncasterot9t@friendfeed.com,Nanci,Casterot
355,fpetyanin9u,"tII35$iPIYHUJjf3F,#2c",fpetyanin9u@theguardian.com,Felisha,Petyanin
356,cwatman9v,pFM71&*OIaB5fx,cwatman9v@gravatar.com,Chiquita,Watman
357,jmorteo9w,eWW97{OEi#W*\/AtREW,jmorteo9w@digg.com,Jasmina,Morteo
358,cgue9x,nTX08_aYt!+VS,cgue9x@mysql.com,Catherine,Gue
359,bhartus9y,dDT14=8>~W??crM(jtqHwH!bDr,bhartus9y@netscape.com,Bari,Hartus
360,dsottell9z,vRO09~Fseylz@P=y$v6p,dsottell9z@netlog.com,Dacy,Sottell
361,emitkcova0,"mRX02,jdYgkdti/X?Q@IwEW",emitkcova0@google.pl,Ellissa,Mitkcov
362,sjordena1,mVA83%%~+~t<ow0y,sjordena1@independent.co.uk,Sauncho,Jorden
363,hbrusselsa2,"wKM11{5wtV}zB8,D%c~Kyv#",hbrusselsa2@tuttocitta.it,Horten,Brussels
364,spagela3,"eKC48=F,WPu8Jo}.MoL,r2/Tf",spagela3@tamu.edu,Seward,Pagel
365,asarraa4,sMG68\Pa2*FoLi%81+SDbpWV,asarraa4@privacy.gov.au,Alexandros,Sarra
366,shawthornea5,oMK07*E`#c*A.OmY4UgQ(Q*o,shawthornea5@time.com,Shae,Hawthorne
367,dwroughtona6,"lBJ05$$g(Bq|C</""&o",dwroughtona6@yellowbook.com,Daphna,Wroughton
368,asquirea7,sJO04)kaWpGu$@(t(H2.Q3,asquirea7@oracle.com,Alidia,Squire
369,jtixalla8,nQE97<6}e_jW6{1G>P),jtixalla8@dropbox.com,Jameson,Tixall
370,ejosha9,dZY02}tZzae9AfDpb,ejosha9@discovery.com,Emmy,Josh
371,gfugeaa,dHB96$BC)%J>?2{H,gfugeaa@eepurl.com,Giorgia,Fuge
372,abootonab,kQX01`1yd#y=R4GUg*M{GU,abootonab@tinypic.com,Angeline,Booton
373,bconaghanac,"wYJ38,WCi""_ia",bconaghanac@miitbeian.gov.cn,Barton,Conaghan
374,pbriknerad,"lYD41,/0*Uac@C_PkLb$)hV",pbriknerad@nba.com,Patsy,Brikner
375,ksemourae,bOY11||.dq}wX4X,ksemourae@nymag.com,Kamila,Semour
376,aurchaf,"yCR00,y$KxW+""LK.4d",aurchaf@stumbleupon.com,Aviva,Urch
377,blympenieag,jXD44`0%(T}Lu+\%fCuUhs,blympenieag@skype.com,Barrie,Lympenie
378,sdurstonah,vLK40+}4IJKZdYq',sdurstonah@nbcnews.com,Samantha,Durston
379,abronotai,yLR63`(.AQn`B`,abronotai@amazon.com,Ange,Bronot
380,afurneyaj,oND87#U$D1*=8<vrw@=JhO,afurneyaj@webmd.com,Augustine,Furney
381,rhaskurak,iDA21/i?oScA//v,rhaskurak@liveinternet.ru,Rosanna,Haskur
382,gcollicottal,"gMY35'j9XZ94dHA|I,y|FL`",gcollicottal@hubpages.com,Geraldine,Collicott
383,cdebrettam,zJX56?/2k$XZdzK)=3M'w?<4,cdebrettam@prweb.com,Craig,De Brett
384,jstronghillan,jPC93})wy(k0us1{{jxHLo{tc,jstronghillan@google.de,Joelly,Stronghill
385,rshortellao,zVC04\QY&Ww+q|mFam>qPV/,rshortellao@twitter.com,Rockie,Shortell
386,esebbornap,"dKV75""Th{LZbeo",esebbornap@nymag.com,Elinor,Sebborn
387,mjanuszaq,mBP97_\u2|C/~8Y}Q|)q$Q,mjanuszaq@tumblr.com,Maren,Janusz
388,dwernhamar,"wMQ63>n('|E8rP6hVU=K7AQeu,",dwernhamar@i2i.jp,Dene,Wernham
389,bduddanas,"gAO91""=>QcGOT#ghT",bduddanas@google.cn,Brenda,Duddan
390,thallyburtonat,fUS27!Xn%WuXo#dIH,thallyburtonat@slideshare.net,Tabb,Hallyburton
391,fcaberaau,cKS71$gL*n*K/S<lhM=OryB,fcaberaau@uol.com.br,Florinda,Cabera
392,btoyav,bZZ56\iSJ@WqM<P,btoyav@unc.edu,Boothe,Toy
393,ddovestonaw,wNW39~~FQB@Wr0DA8Y=e+,ddovestonaw@wikimedia.org,Desmond,Doveston
394,scassellaax,gNK23_Sk_VRbPkwVwmy`M=,scassellaax@blogspot.com,Sergeant,Cassella
395,agyorgyay,lWV98?yRcd`~.r5v'uJ<BA,agyorgyay@aboutads.info,Ashley,Gyorgy
396,kedelaz,"dTX80`!Q`f/YS""",kedelaz@wikia.com,Karlee,Edel
397,lchidlerb0,pYA36${.zxEjr},lchidlerb0@booking.com,Lay,Chidler
398,aheffernonb1,mBJ35?JRB#xpI{Jz~!Fl,aheffernonb1@lycos.com,Abner,Heffernon
399,cologhlenb2,aME77(eE3eY3giLG,cologhlenb2@chron.com,Cindie,O'Loghlen
400,agraneb3,mJP51`xOs>.eyMcE0,agraneb3@topsy.com,Arthur,Grane
401,jlebosseb4,"iRL05(""6mq!c.{#5afnc3pBb",jlebosseb4@cornell.edu,Joana,Le Bosse
402,salgyb5,eCR83@uaKr$urb4P.fH9,salgyb5@bravesites.com,Sascha,Algy
403,kbracknellb6,dJD79#>K|y+bidQ>Js2_nrCF,kbracknellb6@123-reg.co.uk,Kathleen,Bracknell
404,hbaintonb7,eCY61>`IorkaV*bQsHiO,hbaintonb7@sbwire.com,Hestia,Bainton
405,ksignorib8,"oCP76?zBak""GN*4C$",ksignorib8@apache.org,Karlee,Signori
406,jeverlyb9,iFZ00*XQ_CT8zFY,jeverlyb9@de.vu,Janet,Everly
407,awoodthorpeba,wUD91@a(hH'TJ,awoodthorpeba@yandex.ru,Albie,Woodthorpe
408,hstutterbb,zGY30(wswj<AXgdM,hstutterbb@technorati.com,Hobie,Stutter
409,epitneybc,vPH12'vh5T!1u,epitneybc@tmall.com,Eugenio,Pitney
410,mvasilovbd,"oAL37/\&bSm2#0""*!N(A{*j.",mvasilovbd@ihg.com,Maud,Vasilov
411,ceaglebe,fWT98`K<vH|S\JZ,ceaglebe@cnbc.com,Colleen,Eagle
412,fjexbf,fMD01@h%`pLF9`B3|P@ShJ~,fjexbf@elegantthemes.com,Florentia,Jex
413,wmaffeybg,uBQ60=kL}(QN~*77abm1aC,wmaffeybg@weibo.com,Whit,Maffey
414,dmiddellbh,eGM45*H&kG>'DV(2x,dmiddellbh@yale.edu,Devonna,Middell
415,nstopperbi,pIP85''L#t8%C@cP7vI9A)`CX,nstopperbi@pcworld.com,Niels,Stopper
416,amackonochiebj,aKI81>Ezr79XRm)b6bF)l6Gms,amackonochiebj@furl.net,Angelo,MacKonochie
417,kzukiermanbk,oPP01{WS$(toSs\\G'SCUk&.~,kzukiermanbk@howstuffworks.com,Kent,Zukierman
418,csummerskillbl,uKM24$N&hZfB7eg,csummerskillbl@ask.com,Coralyn,Summerskill
419,ttremontanabm,dCB49?&7TzOrR}P7o/{{vm,ttremontanabm@netscape.com,Tuck,Tremontana
420,rriddlerbn,aDL01<dPiC7Xv,rriddlerbn@hao123.com,Riobard,Riddler
421,fstegersbo,"mIH32!(n2Kq0Y?l,lQO*bokBW",fstegersbo@utexas.edu,Forbes,Stegers
422,brobshawbp,uCL97>TP+%=9*!0u08$\,brobshawbp@cafepress.com,Blayne,Robshaw
423,ddowsingbq,mCP65#>P1!>*4HKS5YT!lC6Od,ddowsingbq@wisc.edu,Darell,Dowsing
424,mnevillebr,bNV63@4tZ%!+b\P(Rtm,mnevillebr@slashdot.org,Myrta,Neville
425,wmaxstedbs,gEH49%HYW7jVX3A?_Iwj,wmaxstedbs@soundcloud.com,Waldon,Maxsted
426,dfortybt,lMD18=\)pD|vkAaQ&oG6|{,dfortybt@typepad.com,Doe,Forty
427,bpatinkinbu,sYT17|LsG6=fGB,bpatinkinbu@zdnet.com,Brantley,Patinkin
428,nmeecebv,"wBV17@JC~9n>Nd""+JKvV*",nmeecebv@nasa.gov,Nilson,Meece
429,rarangybw,tYT17*62DC*kLG=v|j(Htu/H=,rarangybw@hostgator.com,Rice,Arangy
430,hgainebx,vGV42|Qtvd|h>NdnP1,hgainebx@hubpages.com,Hollis,Gaine
431,bwarnockby,oNF87>d5m7m\YyN'i1,bwarnockby@com.com,Brendin,Warnock
432,esandhillbz,sNK21|q$M&oS_{,esandhillbz@home.pl,Ede,Sandhill
433,rverduinc0,bOO16%tm7Y((WxqK#J`+,rverduinc0@chron.com,Ryley,Verduin
434,kdewanc1,"mAH92,)ZR,,""Bu&QI`A9Xok",kdewanc1@seesaa.net,Keefe,Dewan
435,ndestouchec2,bRU19>'XU*S*nm,ndestouchec2@hostgator.com,Noel,Destouche
436,gradinc3,bIO39`}%YuxF4iqg,gradinc3@answers.com,Griffith,Radin
437,gskerrittc4,"vFU96""3KbN3fbglQ2J",gskerrittc4@usatoday.com,Gert,Skerritt
438,eentwistlec5,"eND41`M)K'NH!fBb4q,",eentwistlec5@slideshare.net,Elissa,Entwistle
439,msuttlec6,"nRR41#RU>A*=udJ#x~""",msuttlec6@lulu.com,Maye,Suttle
440,tpahlc7,oHB93=SD.KsBo?v~,tpahlc7@facebook.com,Tucker,Pahl
441,wjohlc8,"hMG66*YF6ayzU70Naxhsd=V)H""",wjohlc8@topsy.com,Windham,Johl
442,adenesc9,yOR29/M$Sh<th/T_tO!0,adenesc9@prnewswire.com,Arlen,Denes
443,rbyronca,jMY66'g$<h'%Sg?(WL1f?p,rbyronca@state.gov,Roberto,Byron
444,oculpancb,rDY97%|)lDouaqpxhHi6SYWj,oculpancb@wikispaces.com,Oliy,Culpan
445,smatherscc,"xBF26%,o{*}'}<p={",smatherscc@foxnews.com,Shari,Mathers
446,cmablycd,"jFL25.`k_""hPiPjan8=",cmablycd@ovh.net,Carol,Mably
447,ahakingce,zHO26@H7BPX._gB8~$,ahakingce@indiegogo.com,Antonino,Haking
448,bjiruchcf,"jPV45(Da3P/liU#lWY,!xz",bjiruchcf@biglobe.ne.jp,Bunni,Jiruch
449,ajansoncg,"fSV53,O6|Ec`E`L<m",ajansoncg@twitpic.com,Allen,Janson
450,narletch,jQN38\J5#5\`X,narletch@va.gov,Nanine,Arlet
451,dlaugaci,pSQ07&1F(1)._a=4OTtyuhd@yx,dlaugaci@fastcompany.com,Deonne,Lauga
452,wglowinskicj,"sOY19>"">vDG_2}<gF~",wglowinskicj@dmoz.org,Wadsworth,Glowinski
453,xcheesleyck,"gRX77'I""ZfY{5<jghO?D7NF",xcheesleyck@mac.com,Xenia,Cheesley
454,ocolletecl,"aUR18@rzEan8,Jqn?~.H`td)O",ocolletecl@seattletimes.com,Orton,Collete
455,awhinraycm,fPZ59'Ul0h4Aq3@?fW)$b,awhinraycm@cloudflare.com,Aime,Whinray
456,tsnarttcn,"nPZ41(aby""UG8h?",tsnarttcn@cyberchimps.com,Tobie,Snartt
457,hkiliusco,cSZ55'@k5'rDmF\`,hkiliusco@sakura.ne.jp,Hyacinthe,Kilius
458,sdudmancp,"lRL65)a\gw$<B$ycf*.3uhquc,",sdudmancp@bandcamp.com,Skell,Dudman
459,rbenniecq,"zGN07""3Y1P9~xOeU)TE~?z3",rbenniecq@so-net.ne.jp,Roselia,Bennie
460,nscorrercr,qYB03!gxHZaznwJzu,nscorrercr@about.com,Ninnetta,Scorrer
461,abaudouxcs,iDT65*NN!CD'slRTT=,abaudouxcs@sohu.com,Ashley,Baudoux
462,zaltamiranoct,"fYA60&_""L(%(wvWrw~",zaltamiranoct@howstuffworks.com,Zaria,Altamirano
463,nkenelincu,aIS66/r?Ihh)Wm*J(,nkenelincu@comsenz.com,Nina,Kenelin
464,lbullickcv,xMG88$b`*M0'j10`0uR<P/,lbullickcv@bandcamp.com,Laurella,Bullick
465,okunzecw,lMD25%$LNXn@fqfS,okunzecw@va.gov,Osmund,Kunze
466,ftignercx,rVW12'8u'E!)=>~j.b2$h,ftignercx@csmonitor.com,Faustina,Tigner
467,hheinzcy,"kJX51&B})},_EAtu",hheinzcy@parallels.com,Hale,Heinz
468,claffertycz,nAY85?}=OagfW,claffertycz@delicious.com,Curran,Lafferty
469,gwakesd0,hYZ96@0fD8.mM3FgLjD7(_G(,gwakesd0@prlog.org,Gayleen,Wakes
470,wvitted1,uQY63|LN(DRU&,wvitted1@globo.com,Whitney,Vitte
471,rginityd2,nWE66$QnaQP~|,rginityd2@sciencedirect.com,Rossy,Ginity
472,dmungand3,pDM74}euimU24{d!hd'$y,dmungand3@slideshare.net,Dorothea,Mungan
473,fgeorgievd4,rVD11`BUuh#41`3)=hcHr}Zdz,fgeorgievd4@webnode.com,Forrest,Georgiev
474,rdymickd5,"cIJ65~,X!#Yra",rdymickd5@forbes.com,Rianon,Dymick
475,bcoyettd6,mQH20/3A7Tj+_ELQ,bcoyettd6@seattletimes.com,Blondie,Coyett
476,cdomnind7,sUG50<2#s}g\Vi)OZ<?WR?ji0V,cdomnind7@weather.com,Colin,Domnin
477,dpurchased8,nNR77.0Qnh7IUekTNPa2)}=jSH,dpurchased8@sun.com,Dottie,Purchase
478,amcteggartd9,fKD21!S/F4d~OE8,amcteggartd9@ow.ly,Ashley,McTeggart
479,ekleinschmidtda,vLP34)A2/~2Nm$@gP%jIC,ekleinschmidtda@kickstarter.com,Ellwood,Kleinschmidt
480,mwalshdb,oSR74&wd`zMrCC,mwalshdb@posterous.com,Mahala,Walsh
481,jmallinsondc,yGV00#l9moaxc6%7*,jmallinsondc@statcounter.com,Jesus,Mallinson
482,pkrammerdd,cMB26.Ibx(}~'}q8s,pkrammerdd@wufoo.com,Palmer,Krammer
483,nsconesde,"lXB00'A|u""_RnaNp",nsconesde@unicef.org,Noemi,Scones
484,ebrushfielddf,bNS08=!F1Sj7{GZ.%sjgmc,ebrushfielddf@edublogs.org,Ernestine,Brushfield
485,dsandelldg,nVH13`BEh|YsCtBk,dsandelldg@163.com,Domenic,Sandell
486,averlanderdh,"oLE61'rF8L@,MU@iNP",averlanderdh@time.com,Ara,Verlander
487,pgladwelldi,nLP74(/V\.TtY5,pgladwelldi@youtu.be,Pierette,Gladwell
488,jblackleechdj,yBK33}{C$W#YRJ$,jblackleechdj@about.me,Jacobo,Blackleech
489,abestimandk,zQC12+CF5lnP/S7$6uD+d,abestimandk@purevolume.com,Anica,Bestiman
490,tkempstonedl,"iKN38!L.p,i~4p",tkempstonedl@yelp.com,Tommie,Kempstone
491,bgumarydm,"bKP14>$""07(z`9*M8\k%n~qJd8",bgumarydm@ebay.co.uk,Bax,Gumary
492,erabbittdn,gDV70#$HobtX2ld5d5'k}(qBZ,erabbittdn@independent.co.uk,Even,Rabbitt
493,dschouthededo,oKO48*0?o9?i`,dschouthededo@usatoday.com,Darby,Schouthede
494,rbrimmacombedp,cEU90@|&AO_qP!sZchD/,rbrimmacombedp@livejournal.com,Rudolf,Brimmacombe
495,bdelaprelledq,"wWB39,(($#(yg",bdelaprelledq@chicagotribune.com,Bo,Delaprelle
496,tthurlbournedr,cSV35'>2!5u'0V&Fcp|UY@qTZ8,tthurlbournedr@chicagotribune.com,Tommi,Thurlbourne
497,amacgilmartinds,bIO14%2**}niG,amacgilmartinds@vk.com,Agna,MacGilmartin
498,jmullarkeydt,lFL63/b@A7JTj_U|iSC)k0q,jmullarkeydt@yellowpages.com,Jeffie,Mullarkey
499,sroxbroughdu,pSJ00)Y=>jdBx72(mv!G{.P{*,sroxbroughdu@studiopress.com,Spenser,Roxbrough
500,bsibthorpdv,pJN92*vaOZy\>*WHi9,bsibthorpdv@amazon.de,Brett,Sibthorp
501,tfarnsworthdw,cGD87#`nW2xz_FJSvP,tfarnsworthdw@multiply.com,Thorn,Farnsworth
502,nspradedx,mGO20@+tmn&wH4<,nspradedx@a8.net,Nannette,Sprade
503,stootelldy,gZP96&`WE9kSJ2j,stootelldy@toplist.cz,Sibylle,Tootell
504,dwickersleydz,kQM04?3/t34S8A~5w*KeF!L}BY,dwickersleydz@liveinternet.ru,Dayle,Wickersley
505,cmitroshinove0,"gKL87,<""oIfP7_",cmitroshinove0@vkontakte.ru,Cloris,Mitroshinov
506,csiderfine1,tWU87~5Vf`qDTQ97E,csiderfine1@fema.gov,Cynthie,Siderfin
507,veskrigge2,gNE35~My|..%zw5C@hCC|9*nI,veskrigge2@berkeley.edu,Vanna,Eskrigg
508,klumsdene3,gXH94|MV./<VgHSWY)?l&G,klumsdene3@fda.gov,Kenton,Lumsden
509,kdeblasioe4,"eBS45+rZi/D,e?v(,",kdeblasioe4@ted.com,Korrie,De Blasio
510,aallotte5,wFM99&l$gll2=!aDh,aallotte5@youtu.be,Aluin,Allott
511,kpauleye6,nCN49}qbT@?RCnU,kpauleye6@goo.gl,Kory,Pauley
512,lmaddye7,"bKO11,J{W@x>6""W=wP<%",lmaddye7@issuu.com,Lauralee,Maddy
513,gsantelloe8,wOH29)SDG#v>#fL!'C3PS.OHXw,gsantelloe8@buzzfeed.com,Gayel,Santello
514,csenette9,"gFD45>b(""0|lnHHpx|`{Z~tM",csenette9@pinterest.com,Chilton,Senett
515,jabsolemea,yNI18>f4b76p5,jabsolemea@oakley.com,Joycelin,Absolem
516,mhutoneb,zZA05!~$)IgZ<>s09x,mhutoneb@marriott.com,Mei,Huton
517,bteligaec,lVE43<YJQ%`=),bteligaec@jiathis.com,Bellina,Teliga
518,jbellwooded,bPD25\i0Yms~l&l,jbellwooded@ibm.com,Janessa,Bellwood
519,wfumagalloee,uFI79_tJ\b~vuUOp`>(<)e`,wfumagalloee@stanford.edu,William,Fumagallo
520,mbrayleyef,tPY02!RK+EWol~$~WN+,mbrayleyef@vimeo.com,Matias,Brayley
521,jritmeyereg,iEJ17&Ra$rnVI,jritmeyereg@shinystat.com,Jaime,Ritmeyer
522,eglowinskieh,gTF00'`JNKm8dqz&3#,eglowinskieh@scribd.com,Ernesto,Glowinski
523,umarcoei,rWR80|DzDy34R,umarcoei@weather.com,Ulrika,Marco
524,gsweedyej,"jOX51,kjwjM4OUL|kOM9Hax",gsweedyej@cpanel.net,Gus,Sweedy
525,wsilvesterek,rOF36.Il&gMV?D%xkS,wsilvesterek@diigo.com,Warden,Silvester
526,dbenezeel,nRT70{meL&kL@0,dbenezeel@vistaprint.com,Darwin,Beneze
527,mchellingworthem,"zXV84_*n(,B7#k9`RPZnYA&K9&",mchellingworthem@wp.com,Monti,Chellingworth
528,ajouannoten,"eZZ57.LI&01Dr>cZ\<h`""9+",ajouannoten@e-recht24.de,Anthiathia,Jouannot
529,akleinsterneo,bIL47(7>g4Jpk3U#,akleinsterneo@biglobe.ne.jp,Abrahan,Kleinstern
530,shindrichep,jFJ24@(v.{HTQ0dI,shindrichep@privacy.gov.au,Shelton,Hindrich
531,aengaeq,vJM03>57m#$BOXuN\D__#,aengaeq@redcross.org,Alison,Enga
532,lalyonover,"dIW45@xh{r',sAY{>@6X6",lalyonover@who.int,Lynsey,Alyonov
533,dbaseyes,zDE37)7mM%>*o8K3PK,dbaseyes@accuweather.com,Darice,Basey
534,agalleet,aLI61{NOl)kYuBKHU9=ohS,agalleet@barnesandnoble.com,Abigael,Galle
535,whethroneu,mET22&bgjwd6ex<zskQ,whethroneu@purevolume.com,Wrennie,Hethron
536,aludeeev,qMN08}9k|v{y>b,aludeeev@cornell.edu,Ariadne,Ludee
537,cklammanew,"rTA68{VtmI%h.puT!a\%DXg"",@",cklammanew@aboutads.info,Callean,Klamman
538,cfinnanex,wCV28<lR}e\I'n8yy,cfinnanex@hubpages.com,Cacilia,Finnan
539,hpocockeey,aYZ02!>!\o)KaUauIUv9p!Or|,hpocockeey@tripod.com,Hughie,Pococke
540,rpetytez,eOQ28$yY2`nXN8&y*R,rpetytez@squidoo.com,Ronny,Petyt
541,zdequinceyf0,"wVL44,6z3&?#jMv#v!{1JjNQ",zdequinceyf0@flickr.com,Zollie,de Quincey
542,tinchbaldf1,gTY32>KD{O6v0iXtGUDh~pn,tinchbaldf1@msn.com,Theodosia,Inchbald
543,browef2,"oAH08%H)kA1Q1j}w/~3`g#,=R$",browef2@bravesites.com,Bancroft,Rowe
544,aconneauf3,"gVN70,?EX/~A0j@R7Jtj@?3",aconneauf3@va.gov,Aidan,Conneau
545,smccriskenf4,"aOY56>#Q.vR#HEs#au>""2u",smccriskenf4@ihg.com,Say,McCrisken
546,cjurkiewiczf5,fXY64@pJ\b<QVnj}Y+lHa?Ae,cjurkiewiczf5@fastcompany.com,Clarabelle,Jurkiewicz
547,klodwigf6,lMA05_FcRIZ1P&}9yD/>,klodwigf6@dropbox.com,Kelley,Lodwig
548,ibritnellf7,rOJ09!dN9hst+Uc~E,ibritnellf7@amazon.com,Iosep,Britnell
549,rlateyf8,uTX82!s=y_oY/t>,rlateyf8@blogspot.com,Ringo,Latey
550,vcotaf9,fPG52=#v_#Ebv|A%xxQFY&=c.,vcotaf9@webeden.co.uk,Vito,Cota
551,wodeveyfa,"pDH07<)ZKGo81W2kM*r0w""",wodeveyfa@answers.com,Wenda,O'Devey
552,dbazeleyfb,"uEH49=\AN`""C@F/{{{.tbJ""OUZ",dbazeleyfb@etsy.com,Debbi,Bazeley
553,ievensdenfc,sIH84/|~JLbM9m3rL7o,ievensdenfc@angelfire.com,Iver,Evensden
554,pallansonfd,"fHY49,6HHjasqAwtQi",pallansonfd@oracle.com,Petronilla,Allanson
555,thaseleyfe,"cZL47~dmjH&t""Zpd2JqT",thaseleyfe@dailymail.co.uk,Terrijo,Haseley
556,rstellinff,"jPZ96""9~'E%+eh@#q>Zt",rstellinff@home.pl,Rudolfo,Stellin
557,cjinafg,uZS01&l/6$SyC.o8X~Xwg>Z<#,cjinafg@dailymotion.com,Cammi,Jina
558,aandersonfh,dIA20){4+3\VbKD0`L),aandersonfh@wsj.com,Adorne,Anderson
559,bkippiefi,oWE44!NjWH+ALXYS6B4{aX\,bkippiefi@guardian.co.uk,Berny,Kippie
560,wwindaybankfj,zHU71#M2)1@U?Z'dgF`QCcmBb`,wwindaybankfj@xing.com,William,Windaybank
561,rfindlayfk,bJQ92=JpAAt%v&A,rfindlayfk@studiopress.com,Rosamund,Findlay
562,vcolbertfl,"bUA84""AEMox`)",vcolbertfl@slashdot.org,Vasilis,Colbert
563,jcovinofm,"iWT39{~9P(OyH.u9SgCIr.?@,x",jcovinofm@qq.com,Janina,covino
564,karnaudonfn,zVG02`/`Zf8virVjKr',karnaudonfn@studiopress.com,Ketti,Arnaudon
565,nstellefo,gJR90&.efKlK@=A,nstellefo@oakley.com,Noble,Stelle
566,lmacnamarafp,vVS77>uE=4!nR+S7+r,lmacnamarafp@example.com,Lauren,MacNamara
567,wlewtonfq,"rUT90>ETOvS$6o=|T""wyXg*1$",wlewtonfq@wikia.com,Wilfrid,Lewton
568,sdankersleyfr,"nEO67$GrQ""`~$5DysZgtu0#N!",sdankersleyfr@ehow.com,Sissy,Dankersley
569,cgreggersenfs,aEF50$QoFy/'<#ar,cgreggersenfs@mayoclinic.com,Charla,Greggersen
570,mjayumeft,hZQ32`SHgpe\1`'|af*3cC,mjayumeft@theglobeandmail.com,Mala,Jayume
571,bcluniefu,nXV69}>~NPmyzc\&F5Qy,bcluniefu@bizjournals.com,Basil,Clunie
572,mheretyfv,nAY83{qJyPH'(\lgFnr2,mheretyfv@liveinternet.ru,Maggy,Herety
573,cbowellfw,"lYC16,TFm$`{a/)y7",cbowellfw@shinystat.com,Court,Bowell
574,bkleinhausfx,"xCL53*g""p_w<!=cooW>wI",bkleinhausfx@yelp.com,Benson,Kleinhaus
575,mgreensetfy,gLD06@4NBp(C37!Y0,mgreensetfy@deliciousdays.com,Miguela,Greenset
576,ldeblasefz,wEG15>4?{fu')67iN'dLOsj,ldeblasefz@barnesandnoble.com,Loralee,De Blase
577,fsadlerg0,"mOJ87""('g4()RT_wR"".",fsadlerg0@thetimes.co.uk,Fredi,Sadler
578,ljollandsg1,kVY24\uS`dbrh$oHo$J,ljollandsg1@wikia.com,Lezley,Jollands
579,dboldockg2,dMW29?Q!g48Z'U$HEhG,dboldockg2@omniture.com,Decca,Boldock
580,oselwayg3,"lDV05_Is?5""OWq",oselwayg3@ezinearticles.com,Oriana,Selway
581,cdetheridgeg4,kWJ49/I5@drmh,cdetheridgeg4@tmall.com,Clare,Detheridge
582,abeevensg5,hPV09$rOo(xy2E{<{w!A=t&,abeevensg5@sakura.ne.jp,Aleta,Beevens
583,vcurlisg6,eJA45%1{XU+CKN/dxG,vcurlisg6@java.com,Vere,Curlis
584,nhardwareg7,sJU52~T&)4SnCu\2U8,nhardwareg7@ted.com,Nikolia,Hardware
585,kbodleyg8,rIP46&xrRLU75I<>?/!,kbodleyg8@vkontakte.ru,Kati,Bodley
586,alouchg9,qSD90!k~}6wW}a{Lr?(SCN)n,alouchg9@vimeo.com,Allina,Louch
587,hnettingga,rWR41*U*WXeHk,hnettingga@harvard.edu,Heriberto,Netting
588,phartoppgb,"qYH36$v#!&lS""",phartoppgb@zimbio.com,Pascale,Hartopp
589,gblabygc,"kKP26)yn%c""{""!=\\x$WS",gblabygc@elegantthemes.com,Gabriela,Blaby
590,ccraighallgd,uAE28>2sr2bi&2P7,ccraighallgd@devhub.com,Catherina,Craighall
591,pgaberge,"wBG82}7+&rLlv,Te",pgaberge@aol.com,Papagena,Gaber
592,ballcorngf,"wWT33`'egu)o=(""@16{dQ#rR",ballcorngf@mtv.com,Broderick,Allcorn
593,owoodhamgg,"rOQ27`7bBC(M5d5NL.""",owoodhamgg@xing.com,Olivier,Woodham
594,kmcgloingh,"zMS51,kYxp9!Hl",kmcgloingh@angelfire.com,Karry,McGloin
595,aconerdinggi,pKO42&/`t\<i71|&!~`U,aconerdinggi@adobe.com,Albie,Conerding
596,ldreakingj,iHZ92_vUL<0@=c5w3+,ldreakingj@creativecommons.org,Loretta,Dreakin
597,mgallandgk,"sEV15""I|BJk!.8t}G2",mgallandgk@google.es,Marlo,Galland
598,dhatrickgl,uTA89+RKM|#L0(p}P=Mq},dhatrickgl@privacy.gov.au,Dud,Hatrick
599,vwescottgm,"hYP83>y""zply&m?Gf""8(DS",vwescottgm@tuttocitta.it,Van,Wescott
600,chindrickgn,"dVO36.b%@Jo~%QuDe5SzpR,HY",chindrickgn@cloudflare.com,Cris,Hindrick
601,abouldego,"lPD73,.)u5Za*1}lHe",abouldego@theglobeandmail.com,Aylmar,Boulde
602,dcolviegp,qDV11@=4p_SP{GD,dcolviegp@oracle.com,Dana,Colvie
603,lodriscolegq,kRH83_d$.WiK/\iQPzP,lodriscolegq@ucoz.com,Lynnette,O'Driscole
604,klanghornegr,"gQO69)zU2.dabn@oi""s,!(JM",klanghornegr@virginia.edu,Kenneth,Langhorne
605,tmedmoregs,xVP26*F.e4JRmnBk5&,tmedmoregs@spotify.com,Tobiah,Medmore
606,rocrevygt,yUW37=<=qm<Z2okE.,rocrevygt@economist.com,Reube,O'Crevy
607,abaugu,dRR69>Z'zQVTMc7laV3f,abaugu@bloglines.com,Archie,Bau
608,jchatergv,mWD52>)1U|RW1g,jchatergv@hibu.com,Jeniffer,Chater
609,stitchenergw,bCS66)=?qMk=Lvm#,stitchenergw@adobe.com,Storm,Titchener
610,ageffengx,"fVF00""#OrU}eDTD|I3cA(",ageffengx@amazon.co.jp,Alberto,Geffen
611,kturviegy,xWP45$B6BEbHh3,kturviegy@nba.com,Kala,Turvie
612,mgodartgz,"cGL46$!1""|A=!""ds&Hc",mgodartgz@accuweather.com,Mei,Godart
613,jfindonh0,yPO27>eN7m8X1PaIF7pr|nP1jb,jfindonh0@omniture.com,Jerrome,Findon
614,fmchirrieh1,xDC78+9'ys.L+x1xlX,fmchirrieh1@wsj.com,Falkner,M'Chirrie
615,snowickh2,"pLG45@dr""A7Ua?",snowickh2@mediafire.com,Siward,Nowick
616,zqueenh3,tCY97&#7IMXJkFCCa{8OX,zqueenh3@dropbox.com,Zaneta,Queen
617,bvickorsh4,fCD66!}P3nZ+b+P+,bvickorsh4@ucoz.ru,Benoit,Vickors
618,jdumphreyh5,oXX35!5>UNL#5xoy,jdumphreyh5@businessinsider.com,Jacquelyn,Dumphrey
619,acaldowh6,mQG11<bXb$s?23Ry!c1Z2jwa,acaldowh6@miibeian.gov.cn,Anstice,Caldow
620,rpitceathlyh7,"uUQ29)`wB""b4EN2?$jq.?4",rpitceathlyh7@youtu.be,Rosemary,Pitceathly
621,descreeth8,hBB85`dpIOuaB,descreeth8@bluehost.com,Danyette,Escreet
622,vsouthertonh9,lWT89&#xFYjJ~_#?SaP+Aw,vsouthertonh9@time.com,Virgilio,Southerton
623,acosslettha,lAY51`Xay'Vz({),acosslettha@biblegateway.com,Ara,Cosslett
624,dyoutheadhb,hNV36..Pa(kBHM(m,dyoutheadhb@japanpost.jp,Damaris,Youthead
625,mkellewayhc,oDM06_rZRxMIn,mkellewayhc@jimdo.com,Maureen,Kelleway
626,jbordishd,"uDZ08?'y=amULJ1I+4T!x{TW,",jbordishd@irs.gov,Janie,Bordis
627,mmannionhe,zMC43(Ge$yttIRbj,mmannionhe@sina.com.cn,Malynda,Mannion
628,cstorrarhf,"rPS35,~a+ZhU=mx&Oh*4UT6",cstorrarhf@cnn.com,Clary,Storrar
629,hhardisonhg,oHG30}LDUn%n?<hC.GqGCkYV,hhardisonhg@de.vu,Hersch,Hardison
630,nyanshonokhh,"kOV12<62_S3~Jj,qr",nyanshonokhh@webmd.com,Natassia,Yanshonok
631,epepperillhi,"bAS76'1Zl>qwx""el59#/>",epepperillhi@youku.com,Eugenius,Pepperill
632,rrobyhj,"sEL80%p}1_""b+%",rrobyhj@deliciousdays.com,Rees,Roby
633,abaserhk,"qSD35$i1*T>""6O\*Ifc\_8}3",abaserhk@sciencedaily.com,Aldwin,Baser
634,omolineuxhl,kIG86\WOL)f7fIs#TNF'ChQU,omolineuxhl@pagesperso-orange.fr,Olimpia,Molineux
635,mmadgwichhm,"dVK02@""S'/MQz(w*z&o~\$",mmadgwichhm@posterous.com,Mordy,Madgwich
636,kgreyhn,pYC37+dc<gpm4$FYR,kgreyhn@instagram.com,Keri,Grey
637,uoldfieldcherryho,pZM52{D>T5Yk84pQIx2',uoldfieldcherryho@facebook.com,Ulrike,Oldfield-Cherry
638,hleversonhp,"aJR00_B|7y35""`+o(iq'k",hleversonhp@jimdo.com,Harrie,Leverson
639,gkolishq,"dAU89%ZPIPKOj*v=>""${b",gkolishq@google.ru,Giorgia,Kolis
640,vmichielhr,gQM30}Ryf&c19,vmichielhr@icio.us,Vitoria,Michiel
641,eansillhs,aIP82$AhvecOC,eansillhs@bbb.org,Emilee,Ansill
642,mmaundrellht,mTI81(?InH03iqu@Y$,mmaundrellht@last.fm,Mitchell,Maundrell
643,rsaveryhu,nOT61~rPW>~=16b_&LpLt6,rsaveryhu@tiny.cc,Ronald,Savery
644,cfairhamhv,wYZ52%*dIBwMQGdsdAf6_7>,cfairhamhv@parallels.com,Cayla,Fairham
645,dklimontovichhw,"cZP84""y<H*}|vSMP\",dklimontovichhw@usda.gov,Daile,Klimontovich
646,bmcaleeshx,"nYX77+fBFokL""A`B",bmcaleeshx@timesonline.co.uk,Burlie,McAlees
647,ghinrichhy,eMA35_FEZCM7bQ!x5K.r9)8'l,ghinrichhy@psu.edu,Greg,Hinrich
648,pgoldsbyhz,"xYH60(*Q""5|F92iZnSM85{t.5",pgoldsbyhz@wiley.com,Philipa,Goldsby
649,rleversuchi0,pIV98!AhXW_~eNHq,rleversuchi0@woothemes.com,Raleigh,Leversuch
650,fyoxalli1,"cCF61\cT/>pBXZGP""L8m4CR#",fyoxalli1@hubpages.com,Freddie,Yoxall
651,rcurroi2,"pZI33~F6rY6CLQm,cs",rcurroi2@patch.com,Rice,Curro
652,dmarrisoni3,pML84%e4kt52J#>(,dmarrisoni3@xing.com,Darbee,Marrison
653,dackermani4,vBH81_mpcB@%uJi,dackermani4@opera.com,Donall,Ackerman
654,sfelgati5,iSC75+v9!fn7Qxc&_Q8k,sfelgati5@t.co,Scotti,Felgat
655,rpevreali6,xYD48'g=*~?@LHnFw.$/6\o,rpevreali6@taobao.com,Rosabel,Pevreal
656,gfarransi7,pOS65%m4nVjUAx9_n?V,gfarransi7@oakley.com,Gabi,Farrans
657,hsturmi8,oLS45$tfPKa8HXyp4CA)H,hsturmi8@cnbc.com,Hamlen,Sturm
658,ghelisi9,mQO41(L|.yP_JP*qF~nph,ghelisi9@comcast.net,Gaspard,Helis
659,rlyptritia,"bWK45!7\c)SX4W""s",rlyptritia@addtoany.com,Richardo,Lyptrit
660,rdudingib,yRY67/)cfh6JL=i.n~<f?}Uu9,rdudingib@bandcamp.com,Rani,Duding
661,tberendsic,fJP00}Bm_*}k=',tberendsic@tumblr.com,Trey,Berends
662,ybiddissid,lAM85'!}lE\UV<@qD,ybiddissid@comcast.net,Yasmin,Biddiss
663,abickmoreie,iZO34$pSHeKZ#d9*m|F+t+K,abickmoreie@angelfire.com,Antoinette,Bickmore
664,bkowalskiif,aNA78}<KknjFU8p&,bkowalskiif@themeforest.net,Blaire,Kowalski
665,kpounderig,"eDB15""$lcC/a_=78BP",kpounderig@webs.com,Keefe,Pounder
666,sclearleyih,kMF77|P1)FP'5CUjmow%<lP.8,sclearleyih@ocn.ne.jp,Sherye,Clearley
667,mwealeii,"kUK70_Ce|Ao?f'u2+,",mwealeii@posterous.com,Marty,Weale
668,horhtij,"sRB34&T(vxRl""@",horhtij@mtv.com,Hakim,Orht
669,hantognazziik,iJI00'}r?'!z+9mx6,hantognazziik@artisteer.com,Had,Antognazzi
670,ihartiganil,vGU02){b/hpPt?OR5aQ,ihartiganil@scientificamerican.com,Ingeberg,Hartigan
671,ahamelim,"uOF11`C|CJ*4?he""",ahamelim@narod.ru,Abdel,Hamel
672,rlylesin,iEA60_0Lb6.Yw&#,rlylesin@shareasale.com,Remus,Lyles
673,aalennikovio,yFW02<t>fW@g(.VAac/Ha8!`,aalennikovio@prweb.com,Ardisj,Alennikov
674,fduplanip,zWT60?3@D@'O<z.F7+ViCWZ,fduplanip@cnet.com,Filberte,Duplan
675,aastilliq,fTN10={ROX9vwgP/@HzR&,aastilliq@yahoo.co.jp,Adriano,Astill
676,clowthir,"eGD07#!wN,z!c,6@+2HKP",clowthir@engadget.com,Chancey,Lowth
677,fbourdisis,mRM88(vm.qbZoZjh,fbourdisis@dagondesign.com,Franny,Bourdis
678,gcuttelarit,aQE03)Clg>E>}H'Wa,gcuttelarit@technorati.com,Geno,Cuttelar
679,mtealiu,zSM21}|zNwh0@tP=>tWlR|3$,mtealiu@tuttocitta.it,Marcella,Teal
680,lwimpennyiv,qLT39&OM@k4.3Gmxh_q>6,lwimpennyiv@google.com.au,Leighton,Wimpenny
681,bpedlowiw,gUR13{BGV=G'?&+2|<!44,bpedlowiw@statcounter.com,Brit,Pedlow
682,santrackix,"hNR58,_&N\,ykAv0?L!K",santrackix@mtv.com,Salim,Antrack
683,npinchbeckiy,uKH34`iy8V1ng56~Ew</GR},npinchbeckiy@scientificamerican.com,Noach,Pinchbeck
684,pgarnseyiz,eZZ86&7tr@7`{/,pgarnseyiz@github.io,Paloma,Garnsey
685,vallinghamj0,iQN89}>I6~mRkY2VOfo4(b,vallinghamj0@seesaa.net,Virginia,Allingham
686,cwhitcombej1,yQJ90)guC6W|4|P4f%LsP7C,cwhitcombej1@businesswire.com,Costanza,Whitcombe
687,rahernej2,pEN32~Uy9DN@&IG`x{@wU~,rahernej2@nationalgeographic.com,Reece,Aherne
688,amillthorpej3,"hOW49%Gx2m$N""{@KqcM_f",amillthorpej3@wikispaces.com,Andras,Millthorpe
689,jfrippj4,"oGC19+aYu3&,#&,Kt<\da",jfrippj4@webs.com,Juliet,Fripp
690,gnilesj5,mSX10##39aBLS&2,gnilesj5@vk.com,Giustina,Niles
691,ebasilottaj6,hFY26?j#|j@U~$wr7l`#zVQ,ebasilottaj6@tinyurl.com,Ediva,Basilotta
692,fdelmontij7,hXJ63=jpQ>65}JH'Po9f,fdelmontij7@mlb.com,Fifine,Delmonti
693,fbeneytoj8,yXY95\.()AXN9hIJX}P!>`Xk.,fbeneytoj8@cafepress.com,Faulkner,Beneyto
694,criolfoj9,"wZW51#=xZT*r,=5#8D9",criolfoj9@google.it,Cynde,Riolfo
695,mmounseyja,"hMA93\hN3Fh>aoL,z&kmH726I",mmounseyja@alibaba.com,Marley,Mounsey
696,rwadelingjb,eGY45!RDsZ{un8a?OP,rwadelingjb@geocities.com,Rahal,Wadeling
697,gcauserjc,sAR43=oNIZnyQ.Wr1TZC(%v@,gcauserjc@jugem.jp,Gale,Causer
698,kchallenderjd,hWP00@vA>Mp&OZ,kchallenderjd@oakley.com,Kerrin,Challender
699,ptempestje,wVZ56'AS1xK8!AfFX`5B?nqC,ptempestje@dion.ne.jp,Pinchas,Tempest
700,egrandhamjf,qNW04`7'$uwX>k@A%JfPcw2,egrandhamjf@weather.com,Eugene,Grandham
701,boheneghanjg,iFH63!99lN@7*C,boheneghanjg@tumblr.com,Bethena,O'Heneghan
702,nlarosajh,"dWY28=)yr2?8,UnC,P",nlarosajh@opensource.org,Nissy,La Rosa
703,cpiechnikji,jFY30//(I%FfvF5l~X(v,cpiechnikji@cdbaby.com,Codi,Piechnik
704,tcoveneyjj,"aFL37?p""2&!WdfL<(h=7bK",tcoveneyjj@xing.com,Theobald,Coveney
705,itoffalojk,"pCM21""aSMWA""p&D1_7dQTL",itoffalojk@umich.edu,Ilise,Toffalo
706,ldanzelmanjl,uNL14?&2iM.n6,ldanzelmanjl@shinystat.com,Leila,Danzelman
707,mjohnssonjm,bBW33)DaWskO6l8f5=,mjohnssonjm@uiuc.edu,Madelaine,Johnsson
708,dsamwayesjn,yIG27_gi2|'jaGda2aXzmN4/L,dsamwayesjn@mysql.com,Danice,Samwayes
709,lquartlyjo,"vFN08'|,=4\89",lquartlyjo@soundcloud.com,Lydia,Quartly
710,tcorejp,"cQO28,}HLbcBx",tcorejp@bigcartel.com,Thedric,Core
711,kzealanderjq,bQR71<Bxog_Df,kzealanderjq@freewebs.com,Kippy,Zealander
712,fgillespeyjr,uFE72=|F?<$ybHME9ie,fgillespeyjr@mapy.cz,Ferdie,Gillespey
713,rloveringjs,oFY08<bLm*X`9sn_E,rloveringjs@twitpic.com,Radcliffe,Lovering
714,lmeenehanjt,"eLK06`+iK@(MNnE2""!kFkDP",lmeenehanjt@gizmodo.com,Lamond,Meenehan
715,tcommuzzoju,vUS72}rM?RF*At9_E3jQTW,tcommuzzoju@businesswire.com,Thekla,Commuzzo
716,chonschjv,"yLX86.X`X*wnaE=n=0""`Z",chonschjv@un.org,Cesya,Honsch
717,gherionjw,eGA41@q7{WqE02$1gBYVx_,gherionjw@github.io,Garv,Herion
718,kscopynjx,"vPJ94#kJCkNR""ytj*%p",kscopynjx@xrea.com,Kesley,Scopyn
719,rdrisselljy,"yZC38@""ZAu<NI.24=1CTD({Dh",rdrisselljy@hc360.com,Rodney,Drissell
720,lantowskijz,aZH00}TEh@p=(,lantowskijz@altervista.org,Lydie,Antowski
721,ppagelsenk0,"oJX51{(,Sgk,&gK@Y",ppagelsenk0@altervista.org,Patrizius,Pagelsen
722,sdeathk1,"xIA06""T{54""L1D+CDM*`0Z",sdeathk1@cdc.gov,Sly,Death
723,jtallachk2,aMX78!=u0@aD>,jtallachk2@over-blog.com,Javier,Tallach
724,emaddysonk3,wDO26}9$PR`m|22%GX&K,emaddysonk3@altervista.org,Evered,Maddyson
725,ihazeldinek4,dUC12|rD1{d+q3J,ihazeldinek4@psu.edu,Ibrahim,Hazeldine
726,stapplyk5,"tRK44|t>O@u""sH",stapplyk5@linkedin.com,Stanwood,Tapply
727,natcockk6,sWM32?fd'7&1AQt}HKM.VbOF,natcockk6@omniture.com,Nancey,Atcock
728,jbridgesk7,jPT76<#MR{.=7h($,jbridgesk7@oaic.gov.au,Jourdain,Bridges
729,ctoothillk8,lCW47?vp@&4Vv,ctoothillk8@salon.com,Cathlene,Toothill
730,hmorhallk9,tDD66/|eDb6JFm>hvo,hmorhallk9@xinhuanet.com,Hendrika,Morhall
731,jmikoka,vBK05@hd)Sm'olM>!oZ,jmikoka@posterous.com,Jorge,Miko
732,schipchasekb,fEH97\7%Wb~FA3$>|Os+,schipchasekb@mozilla.com,Stirling,Chipchase
733,acaresskc,nNC62+w$S<frl$qb,acaresskc@google.de,Alexandra,Caress
734,avalentinekd,wYR77*3>i**JZ1YlE=('liG{G,avalentinekd@bandcamp.com,Aimil,Valentine
735,ctiptonke,jDA42`#_4+BSd+gu,ctiptonke@arstechnica.com,Cordey,Tipton
736,rglendzakf,jCO24&E3V$op6|iz,rglendzakf@lycos.com,Rowen,Glendza
737,cbulwardkg,fKV70@l7>5A<|2mdLq/vmn,cbulwardkg@businessweek.com,Carmen,Bulward
738,mwhewellkh,"zLC17"">OK/sbeLYUJC,h|",mwhewellkh@gravatar.com,Meggie,Whewell
739,aglendiningki,aPL74`|yi\v{&m,aglendiningki@ca.gov,Atalanta,Glendining
740,iscotchmorkj,jHR05'W<xX0>6M>8_G+}>A?q,iscotchmorkj@zdnet.com,Ibbie,Scotchmor
741,habazikk,uQL56?70AH>Y%X,habazikk@ucoz.com,Huberto,Abazi
742,asillitokl,"lYC02#,n)1#\&f0k{V!o%k3",asillitokl@tiny.cc,Anderea,Sillito
743,smcpikekm,hQJ81{nKsdQ&Bm|=,smcpikekm@t-online.de,Sergei,McPike
744,bloncasterkn,bHY31~JxpN|RN2&E>bznh,bloncasterkn@nature.com,Berti,Loncaster
745,nocahernyko,wWT07~m!lg4.}>cvC<y,nocahernyko@wikispaces.com,Nickie,O'Caherny
746,lzackkp,pCH44=Ub~<DOKK,lzackkp@list-manage.com,Laureen,Zack
747,wtombskq,tQQ24@lsr!6v8,wtombskq@deviantart.com,Walt,Tombs
748,pyakolevkr,"vIV44""O3LAa+{N,+`.CL=%?r4",pyakolevkr@businessinsider.com,Phillipp,Yakolev
749,cofinanks,vLF53_'h/q$S=EqsG#eqr(66=4,cofinanks@github.com,Carmina,O' Finan
750,tparrkt,oRY85~5'\Z0kc19LZFthYB,tparrkt@dyndns.org,Trina,Parr
751,krocksku,"eUJ74@mL**),y*Wu=&qn17vH",krocksku@irs.gov,Kirstyn,Rocks
752,cscullykv,tAE28.zNypjMKFe)Qy2*,cscullykv@timesonline.co.uk,Cedric,Scully
753,wbelsherkw,wJB02(N%ak).6bt9n_$gSP<|,wbelsherkw@auda.org.au,Willard,Belsher
754,tkyddekx,aDR28$kz73q{BmV{}5fK,tkyddekx@over-blog.com,Thain,Kydde
755,mruddky,yZE00=!x>oVmBw,mruddky@ustream.tv,Meghan,Rudd
756,wdurnallkz,"cVS70?_4\C_i,\s=w",wdurnallkz@angelfire.com,Wain,Durnall
757,ddavidovichl0,sYX26=pM#F%CX})tjib,ddavidovichl0@hud.gov,Danyelle,Davidovich
758,smacshanel1,hEN54~)WwPGk*0@S$gGHnk,smacshanel1@who.int,Sully,MacShane
759,ehusterl2,zAZ67#d#gFR3v2caU9iaml',ehusterl2@unicef.org,Ethelind,Huster
760,bcammoilel3,cZT42~?Aybn?2K&PDd9,bcammoilel3@storify.com,Benedetta,Cammoile
761,drenacl4,vXP03<f)c#_HR|x,drenacl4@timesonline.co.uk,Della,Renac
762,ocruxl5,xSL25~Q?cJ1+'fL)3,ocruxl5@craigslist.org,Odie,Crux
763,wkarpfenl6,"kKM96<o?GUsM8`YL<j4&5q,{",wkarpfenl6@yandex.ru,Wilhelmina,Karpfen
764,ksmorthwaitel7,"sQQ45,a=bK{f%=`ktZQJ*=C",ksmorthwaitel7@auda.org.au,Kimball,Smorthwaite
765,dhyltonl8,eSI91!3grg`Fo,dhyltonl8@cornell.edu,Dirk,Hylton
766,slockneyl9,"vPP92*.OM'_5B5.W(3""u<",slockneyl9@webnode.com,Sascha,Lockney
767,mmathisla,"cVO31}#g>vt~eY.%""}uL*+{(U",mmathisla@wikipedia.org,Maddy,Mathis
768,alidgelylb,oMM03>Q%UaY$yZD}_n3,alidgelylb@1und1.de,Austen,Lidgely
769,gcrippslc,dXA98&Q?>U~YCPMk1|,gcrippslc@sogou.com,Greer,Cripps
770,kvasyaevld,zIH14`ywl&9HxuQn,kvasyaevld@pbs.org,Korrie,Vasyaev
771,aacomle,bMO42$.\U?`TdKO!I{{zvZ{G,aacomle@webs.com,Akim,Acom
772,mballelf,"cBP16?9,@JS%h#6fo@VkW",mballelf@eepurl.com,Michale,Balle
773,aglashbylg,"iGJ58_J,<yN}rved",aglashbylg@google.it,Avrit,Glashby
774,ewormaldlh,"xRC99@2j""LC'.`",ewormaldlh@fastcompany.com,Erinn,Wormald
775,gbrundleli,wRV63+Cj>0ZxpHQ,gbrundleli@posterous.com,Gaby,Brundle
776,nmarqueselj,dVV00_Y<'/~(VQZ?xg,nmarqueselj@illinois.edu,Natasha,Marquese
777,khallwoodlk,gNZ11`X~ep$XOHrir0KAY,khallwoodlk@gravatar.com,Kiel,Hallwood
778,asuthrenll,sIF44('C*a&BsvqOsYY&LY,asuthrenll@lycos.com,Aundrea,Suthren
779,cvalentettilm,yIM05>(F>5FR#ExXs,cvalentettilm@sun.com,Cassie,Valentetti
780,xjennionsln,"vUR43{,G46$wfyTUDe",xjennionsln@icio.us,Xylia,Jennions
781,nbabcocklo,tYC11<Ur!JpGCRM?~\,nbabcocklo@prlog.org,Nolly,Babcock
782,lyakovlivlp,zLK99=*%jb}Ny4Fn~=c&X,lyakovlivlp@vk.com,Lexi,Yakovliv
783,koliverlq,oXN37)n#<7IOV,koliverlq@zimbio.com,Kaine,Oliver
784,nhaythornthwaitelr,hMF77&D+|`a?L72,nhaythornthwaitelr@icq.com,Nikoletta,Haythornthwaite
785,nfarniels,qYC63|&(A{0q\,nfarniels@engadget.com,Nelia,Farnie
786,lwoodrowlt,zKV76$Q#~ad>?,lwoodrowlt@earthlink.net,Lida,Woodrow
787,tolivellilu,qNK47!S*'Y13#T}72A,tolivellilu@scribd.com,Thorin,Olivelli
788,gpaolonilv,uHP48#IU<'ayy~MI,gpaolonilv@netlog.com,Gale,Paoloni
789,qbushilllw,bOH25<{xbIQUwpMO&(|,qbushilllw@printfriendly.com,Quintina,Bushill
790,gsarchwelllx,vGF05(G<2m=gc*T<D/+3eF6j,gsarchwelllx@exblog.jp,Gaspar,Sarchwell
791,dcappsly,"tWN27,hU_rhj6EkNYta17P@S8",dcappsly@altervista.org,Darrelle,Capps
792,crickfordlz,"qBV66""%x+OzJ`n(+=\VT}d/",crickfordlz@instagram.com,Cymbre,Rickford
793,qaynoldm0,"fOU77',ZP_tl1,.JR#O},",qaynoldm0@bluehost.com,Quincey,Aynold
794,konraetm1,"iIH57/ucd<'SlTMhG4/8>,2",konraetm1@ted.com,Kassia,Onraet
795,mduiguidm2,"yWC23=E+DDPu~vzvw8@2*H""",mduiguidm2@g.co,Merci,Duiguid
796,mcolsonm3,"cST50}~h(%PquJ}+8$"".YALRV",mcolsonm3@army.mil,Merline,Colson
797,rdomeneym4,kWT56=I'<{UHoXdMFY,rdomeneym4@china.com.cn,Ruthie,Domeney
798,jdhenninm5,hSS69'k1c)u9YVX,jdhenninm5@printfriendly.com,Jedidiah,Dhennin
799,sbirtlem6,pZK74(5kRd7BN5{vJa,sbirtlem6@nyu.edu,Sophia,Birtle
800,gharlettm7,dHF08{JfcN~q)Ie68*q8Lh*cF,gharlettm7@chronoengine.com,Germana,Harlett
801,clewinm8,"iCS52\Jvz@15V""y"".n=_H2/Fy",clewinm8@people.com.cn,Chiarra,Lewin
802,mkillcrossm9,"fUZ67?veg\s7`pJycDDR$&""j9D",mkillcrossm9@icq.com,Magdaia,Killcross
803,hbazellma,"qJD37,OaBD!KcQ",hbazellma@exblog.jp,Holli,Bazell
804,idunstonmb,aRT66*V}bkUUUi,idunstonmb@gnu.org,Idaline,Dunston
805,nbarukhmc,"jLX17>>bu4r9}_,@",nbarukhmc@indiatimes.com,Nil,Barukh
806,tbarbermd,tUT07.ojDb/'~|,tbarbermd@quantcast.com,Tanitansy,Barber
807,psharrattme,nGH60{b.68Q*BS1x@&,psharrattme@springer.com,Payton,Sharratt
808,tchittymf,lNL77}j%JdO/#H#hCQ|?M\3,tchittymf@narod.ru,Thibaut,Chitty
809,nwheldonmg,"vPZ96'hvi{u}Z,0M94.)Fd.MDt",nwheldonmg@jimdo.com,Nonie,Wheldon
810,aeversleymh,eFI43'1WV|e6.xm#DXUkY,aeversleymh@google.de,Angelia,Eversley
811,rkornasmi,uSB03?'L`YvYUEe<E,rkornasmi@over-blog.com,Rubie,Kornas
812,acallismj,wMN07}AT~K?}l*GK~x'K>OM4T0,acallismj@buzzfeed.com,Alla,Callis
813,mosmintmk,yZW01..eRXcG6McuErYTYm.fag,mosmintmk@lycos.com,Malchy,Osmint
814,lgreerml,bSW54{>93Ri%xaPBq57pI'04JP,lgreerml@umn.edu,Lenee,Greer
815,bfanthomemm,lCO66*@HXYMP'~/ll,bfanthomemm@loc.gov,Britni,Fanthome
816,ewalderamn,zGJ16)TV>a#{&Q,ewalderamn@usa.gov,Eolanda,Waldera
817,dterbeekmo,mFD78{>{28w+<1JI4bP*x,dterbeekmo@cocolog-nifty.com,Denys,Terbeek
818,gromimp,rFI10?#+2n!t(T~jWo,gromimp@vimeo.com,Gavra,Romi
819,bchiltonmq,vYX54\uD92j_&T<ZKQiY.aU96,bchiltonmq@uiuc.edu,Barnabas,Chilton
820,lmcteggartmr,xJZ37*xk&}VZzl?P7L/+'NKPF(,lmcteggartmr@alexa.com,Lindi,McTeggart
821,aosbanms,mVH59(nKwFFSg+,aosbanms@youku.com,Anabella,Osban
822,awemmt,yDL57|7ZP1Uy#Tsw@!OLXkdW,awemmt@europa.eu,Andonis,Wem
823,rbusbymu,yJG91$&.Qc3?1J$#,rbusbymu@salon.com,Roda,Busby
824,jaskwithmv,yCT54!l%&ss33|FPH`v~d',jaskwithmv@gizmodo.com,Janith,Askwith
825,asagarmw,tHB40~p>Wzu&a'9cb<E,asagarmw@github.com,Adella,Sagar
826,ewysomemx,hGU20))o+ACMBGQYx'kJN(,ewysomemx@elpais.com,Emelita,Wysome
827,bflorentinemy,eDO60#1WH>mf.,bflorentinemy@utexas.edu,Brent,Florentine
828,kdurhammz,tUF95?l6ry1)|PPJv4+UKiF,kdurhammz@house.gov,Kelby,Durham
829,btiten0,"rBG98*`Tr!MI1QPU|1@0b2I,",btiten0@examiner.com,Berk,Tite
830,kkalewen1,kCY69\wA*anI9XJ~$,kkalewen1@purevolume.com,Kerrie,Kalewe
831,spilchn2,xLA07*VEbUX1/$fee@w*0+,spilchn2@mac.com,Salvatore,Pilch
832,ktarbinn3,pMZ87=EN3Q>sOBK4,ktarbinn3@harvard.edu,Katleen,Tarbin
833,cesbrookn4,bZR82\4TXzi*0'pq#d`~dc,cesbrookn4@ed.gov,Claresta,Esbrook
834,dgilluleyn5,zDT12}FQ@O.HQ`#4),dgilluleyn5@oracle.com,Deloria,Gilluley
835,dstitchern6,nHG70*gE`GnlYfIxY2#Tug%,dstitchern6@csmonitor.com,Drona,Stitcher
836,schatburnn7,"sEA36_OX3Q,=cjp~",schatburnn7@ucoz.com,Say,Chatburn
837,epozern8,"xFE23>,?*jIs4R'j""N",epozern8@google.es,Emmy,Pozer
838,eszretern9,tVX85}8f>5!=nj2a68,eszretern9@spiegel.de,Egan,Szreter
839,rmacpadenna,"nIQ75~Ifd%HZ,z3pmGFwX",rmacpadenna@eventbrite.com,Rafael,MacPaden
840,akilkennynb,"wNV96~WzN!eYW""*C?ns\L""tU",akilkennynb@msu.edu,Amil,Kilkenny
841,lthickinsnc,kUA29?pZ+wC#*,lthickinsnc@cbc.ca,Laughton,Thickins
842,gpickrillnd,lUZ54+fJHmS2.D/E(V!$#v,gpickrillnd@artisteer.com,Gisella,Pickrill
843,gstrognellne,mZP05&>dCPmL@eb.U#,gstrognellne@oakley.com,Gris,Strognell
844,nmussennf,nHJ76&uM3h}4%`ve7cf&,nmussennf@infoseek.co.jp,Nancey,Mussen
845,kpensomng,wAB34<2vViJ595/HiG5HQ,kpensomng@uol.com.br,Kikelia,Pensom
846,wdelleschinh,cGH71*+5kk?Ud,wdelleschinh@yellowpages.com,Wilek,Delleschi
847,sbeneditoni,jAO99+Cfz+Zs(,sbeneditoni@japanpost.jp,Sebastian,Benedito
848,fhunnicuttnj,gGK82)V&/l!|Cf4cwp7xq2L,fhunnicuttnj@ox.ac.uk,Floris,Hunnicutt
849,pgeavenynk,gUN28)*$UEvF'0,pgeavenynk@homestead.com,Pascal,Geaveny
850,ltoxellnl,qRP44?\o5(ss>*7Z3{\05,ltoxellnl@bandcamp.com,Laney,Toxell
851,gallattnm,lBE61}wRD#r<mSB,gallattnm@behance.net,Gae,Allatt
852,yhawkingnn,yLF60&\3HM4o|g`=<,yhawkingnn@alexa.com,Yelena,Hawking
853,tmorforthno,kFR77<G?8I1l1!,tmorforthno@adobe.com,Thorvald,Morforth
854,lcowapnp,qLE09?SZLn$scR%Gx=qhK,lcowapnp@who.int,Lisette,Cowap
855,jcholmondeleynq,rVK57@BJy#xc++P8}ZV%HO7,jcholmondeleynq@yahoo.com,Jacobo,Cholmondeley
856,cvigusnr,aPW07((&j?fBd,cvigusnr@privacy.gov.au,Cliff,Vigus
857,tmcbeanns,mAO52>h5F(a~p.v4xI`){\x1,tmcbeanns@free.fr,Tara,McBean
858,sterneynt,aNL10(bM1vrl),sterneynt@bbb.org,Stefania,Terney
859,raykroydnu,"uMW67~v\,zvJBqKKMH&XXE",raykroydnu@mysql.com,Rosalinda,Aykroyd
860,mgalliernv,aJL27*&}P/nNWSsrHf,mgalliernv@networksolutions.com,Meier,Gallier
861,echafernw,fVB29`n_g2g_),echafernw@webmd.com,Erin,Chafer
862,moehmnx,lSM40*|YAy&stl_,moehmnx@artisteer.com,Margo,Oehm
863,strustyny,cPI49&`8arps6E276,strustyny@joomla.org,Sindee,Trusty
864,wgerratynz,wHO35?p4)Z|ts2&E@Lpn*CL$/,wgerratynz@google.com,Wendye,Gerraty
865,sjenynso0,"yJV69""C{ALM""1",sjenynso0@reference.com,Stan,Jenyns
866,hbraso1,yHE70?58KQR3+C<}DUm4a,hbraso1@prnewswire.com,Halsey,Bras
867,vlayneo2,iPD92+/Bz)%?@9i=|DMLQO2+r.,vlayneo2@hexun.com,Valle,Layne
868,clahiffo3,oTM17\J_=)91L~(Oyup,clahiffo3@cdc.gov,Corella,Lahiff
869,edarracho4,uET80}P.k.MSs5s?c_,edarracho4@sakura.ne.jp,Eleni,Darrach
870,brimmingtono5,"hBM15'{Z9Z=M,_#Q",brimmingtono5@freewebs.com,Brockie,Rimmington
871,lmacdaido6,jYW75#!qb?f5@,lmacdaido6@addtoany.com,Lucais,MacDaid
872,hkleinpeltzo7,xGH67$'RG7>8*31*S~=q|~,hkleinpeltzo7@google.it,Hillie,Kleinpeltz
873,dwoontono8,lLT62<SXo>UPkH~&,dwoontono8@canalblog.com,Dud,Woonton
874,jpresswello9,lGK75*zxDkt<kG,jpresswello9@scientificamerican.com,Jacquelynn,Presswell
875,heskriettoa,vBH79||Z&&p8KIBj_,heskriettoa@last.fm,Hazel,Eskriett
876,coughob,rMQ91%p9c35WX3GX~,coughob@eventbrite.com,Cosmo,Ough
877,vkorneichikoc,"dQX58{>01Kd""gMY'S",vkorneichikoc@psu.edu,Velvet,Korneichik
878,lechalieod,wWW99~VC#H&EOrQa=!{P@B,lechalieod@deviantart.com,Luce,Echalie
879,lpurvissoe,cRV54!@sT/d4A%z,lpurvissoe@stanford.edu,Lindie,Purviss
880,rhidderleyof,eGB84%$V=QeH#ag1,rhidderleyof@admin.ch,Reinold,Hidderley
881,cduffreeog,fGD78#sG8%yOGK)je,cduffreeog@reverbnation.com,Carma,Duffree
882,dvondrakoh,gKG58*z$c_~F6X{)mT??frv>,dvondrakoh@quantcast.com,Devonne,Vondrak
883,mkoubekoi,vZR25(Xt2{x+tfAGz,mkoubekoi@foxnews.com,Mickie,Koubek
884,bbenningeroj,"jUT51+{o@Dw1X,i2",bbenningeroj@go.com,Berton,Benninger
885,lpichmannok,dFB21.*/WqL|3P?z!17RNo,lpichmannok@yellowpages.com,Linette,Pichmann
886,jjanzenol,"aNP97/bDfL}i?&""@1`!u}l""xS",jjanzenol@mac.com,Jammal,Janzen
887,imcanellyeom,"dQS24~LxgWzWEHI>K@V%""\MY",imcanellyeom@wp.com,Ilysa,McAnellye
888,kfeldsternon,jCQ97}\\_CdF_CQH&YnUnT,kfeldsternon@taobao.com,Kalie,Feldstern
889,zbrandrethoo,jTE70)FM&juUo*,zbrandrethoo@mashable.com,Zulema,Brandreth
890,rgeggop,mMF38'icf_|Jx{'ot(&3,rgeggop@irs.gov,Ronica,Gegg
891,fotierneyoq,vWQ23{o1'Z@YS,fotierneyoq@w3.org,Friedrich,O'Tierney
892,mghirardior,zBZ03~B7WddEzX`X3.|sBv,mghirardior@epa.gov,Micaela,Ghirardi
893,ntysonos,fZV45)_Y=m1yk8,ntysonos@shinystat.com,Nicol,Tyson
894,dkissockot,"yOL82*qR&MB4G<FWo+,",dkissockot@nbcnews.com,Deena,Kissock
895,mmussaredou,"hFE79'%_rn6w4k'(rf,Et",mmussaredou@mozilla.org,Marten,Mussared
896,gjennawayov,iZK76+Op*Jdyg*,gjennawayov@reverbnation.com,Granville,Jennaway
897,pmartignonow,mNL51.&f!L0|LH8fCxMjXDQr0e,pmartignonow@ucoz.com,Pearla,Martignon
898,tgerardetox,zWV94()P7v/HYs0A,tgerardetox@lulu.com,Teresita,Gerardet
899,divanishinoy,"gDY29+$gA91Z!i,(%",divanishinoy@cisco.com,Donovan,Ivanishin
900,sbustoz,nWG18*Y$*6+CC$opC_YJH,sbustoz@cafepress.com,Susanetta,Bust
901,bbourgeoisp0,nGK99.@n$7A.Ec8{E+P4+(v8,bbourgeoisp0@reference.com,Baudoin,Bourgeois
902,wkroppp1,"uRD33|'NzG)7s,xe4",wkroppp1@flavors.me,Windy,Kropp
903,ecloverp2,"oZN15$,\!'ii.",ecloverp2@google.com,Etienne,Clover
904,sforrestp3,eIZ61|'/}JGH$<j>J80Q,sforrestp3@wunderground.com,Silvana,Forrest
905,mwebburnp4,"vDR42,Cg$5oTbQ{@=xU9,",mwebburnp4@disqus.com,Minnie,Webburn
906,ploiseaup5,eHD63.<CYaE%u=0Zr3,ploiseaup5@elpais.com,Phil,L'oiseau
907,nmegaheyp6,lWR43|na4UX`J=e4NksLxRf1+(,nmegaheyp6@newyorker.com,Nonna,Megahey
908,tbottelstonep7,"jRM71*oEg?|V?p""w46*",tbottelstonep7@paginegialle.it,Theadora,Bottelstone
909,whalladp8,mTL34!l5QXDK=E!_sjk>b,whalladp8@intel.com,Wilmer,Hallad
910,vransburyp9,tZH21.gndL7TuP?Cvy4.,vransburyp9@umich.edu,Vanna,Ransbury
911,lrossiterpa,"hXQ69}z`E,\EJlUx",lrossiterpa@github.io,Lyell,Rossiter
912,mabbatipb,"aJA76@_C<e~\7,fq~NV`39KV",mabbatipb@wordpress.org,Matt,Abbati
913,wforsterpc,cMN19=h6<BdZLDf0qWx=!$$,wforsterpc@infoseek.co.jp,Will,Forster
914,tcaughtrypd,"cMI33_wYj6oJ""*CBp`D%|wOn",tcaughtrypd@rediff.com,Teddi,Caughtry
915,cambroisinpe,oIY44|<&@XpK`ui=7z,cambroisinpe@tiny.cc,Colby,Ambroisin
916,sgaukrogerpf,nSK95\ELW.Nz`XSIF2l|/UX1}7,sgaukrogerpf@zdnet.com,Sumner,Gaukroger
917,hlundypg,"eCI19.?w,4!!<WYu",hlundypg@paypal.com,Haleigh,Lundy
918,mmcclurgph,gOS49)J0Ru>HsP9>p,mmcclurgph@cnbc.com,Mona,McClurg
919,bstelljespi,"kPL55=U~,1<T)",bstelljespi@ebay.com,Berni,Stelljes
920,vaddypj,pYG41*>6PO(qec#Wpy3nFwxH,vaddypj@ow.ly,Violette,Addy
921,bhakeworthpk,tHN04\<6v!VONi?2@f\u4T_8,bhakeworthpk@parallels.com,Brodie,Hakeworth
922,mhanmerpl,cEX32`|jzM>7L|'sB,mhanmerpl@tmall.com,Maury,Hanmer
923,klangelaypm,"qAV70,){dOT,AvUZeO{J.?v",klangelaypm@bloglines.com,Kelsey,Langelay
924,tmacchaellpn,qCF39}@QM`MdA1,tmacchaellpn@cloudflare.com,Taite,MacChaell
925,avongladbachpo,kKO07>Aj<mvKS,avongladbachpo@list-manage.com,Arie,Von Gladbach
926,vfrankenpp,kJE01_VK!LBoZ,vfrankenpp@studiopress.com,Valentine,Franken
927,raldingtonpq,xYU97_Dz~KNi'vr!z<hpzPe,raldingtonpq@hud.gov,Ransom,Aldington
928,kbillboroughpr,dDF14_p|Mloh2X<,kbillboroughpr@skyrock.com,Kassi,Billborough
929,cstledgerps,sFJ32/ZgZDf@N,cstledgerps@chicagotribune.com,Cinda,St Ledger
930,bgronaverpt,yIK73#p($QV~A.U4aVE!,bgronaverpt@ox.ac.uk,Berny,Gronaver
931,adicarlopu,mUT40*q#ng_h7}8%u2_xC>|qd,adicarlopu@github.io,Ashli,Di Carlo
932,enoonpv,wNR99$~mV)JWXLrN*?B#xgCCz7,enoonpv@ameblo.jp,Eden,Noon
933,clinceypw,iTA33<s4|Me5{ULB,clinceypw@simplemachines.org,Collen,Lincey
934,sfabbropx,xDR70(L`xvC7LX#,sfabbropx@lulu.com,Stormy,Fabbro
935,gruvelpy,fMS74&/3OC0JI2gIR1+SJ5z0X,gruvelpy@sitemeter.com,Giraldo,Ruvel
936,jbynethpz,xBP71$?P%CnSOluH}wJ+>,jbynethpz@sourceforge.net,Jere,Byneth
937,wmcgrayleq0,"ePH27|@De5#gUhO,@19t_U",wmcgrayleq0@e-recht24.de,Wallache,McGrayle
938,jjuschkaq1,vWC58<1JMn/!q7xKtxZi(1Gr,jjuschkaq1@privacy.gov.au,Judon,Juschka
939,hkertonq2,"qRP46""p17>omCzK?z/",hkertonq2@chron.com,Hilary,Kerton
940,kspindlerq3,pTM07/MbJ44r2{}rd!L1K@N,kspindlerq3@cpanel.net,Kimbell,Spindler
941,fkingsnorthq4,"mUU93'y""(<nLqe%",fkingsnorthq4@google.com.br,Fiann,Kingsnorth
942,aburnsideq5,nZG85/c$la>Mk7}}$&tm'F76,aburnsideq5@bbb.org,Aida,Burnside
943,cbeartupq6,jCS57{N/A0~Ew34cx7kN!,cbeartupq6@xing.com,Celine,Beartup
944,jgillanq7,fNS81/(FwLqM!TjKA5y0m},jgillanq7@census.gov,Jacquetta,Gillan
945,tflemmingq8,"dWZ06&pp\f7mx_,k|Emz",tflemmingq8@bloomberg.com,Terrence,Flemming
946,hpuntq9,cKK52+_e7!|&qG,hpuntq9@e-recht24.de,Henka,Punt
947,gdobbsonqa,eXT92<zj8Wf2+a71c,gdobbsonqa@ihg.com,Garry,Dobbson
948,amacgillespieqb,dRJ97`8QD6I_?EE1g*,amacgillespieqb@google.fr,Alejandrina,MacGillespie
949,estrickqc,"jRA62!gI1.,bIvw",estrickqc@sitemeter.com,Earl,Strick
950,dlanglandsqd,vMY34*kc1i6jg(IKz,dlanglandsqd@de.vu,Doyle,Langlands
951,khynsonqe,zPF77'xM=%{iZXa4,khynsonqe@unicef.org,Kayle,Hynson
952,wmarishenkoqf,vZY57}cFDv#0~UZ?C5w,wmarishenkoqf@hugedomains.com,Wilhelmina,Marishenko
953,gleideckerqg,gZZ32'=wEK3*l7su/@2OOR!,gleideckerqg@hhs.gov,Gawen,Leidecker
954,mblairqh,"eSQ09!osdk""q%+VfZ&QnZ",mblairqh@google.cn,Marmaduke,Blair
955,gfeigeqi,"iZA05),6}0`33\4eD2fT9Msf+",gfeigeqi@scientificamerican.com,Giraldo,Feige
956,tarrigoqj,vGT26>u*?C#>t>,tarrigoqj@webmd.com,Tedie,Arrigo
957,ccroshawqk,"xLA59*\w,6n('GwOYAYc9",ccroshawqk@biglobe.ne.jp,Cheri,Croshaw
958,lrotteryql,"vMM85`3qp<5.""",lrotteryql@dyndns.org,Lorne,Rottery
959,kshanleyqm,lKX05\.m9g>hapc4,kshanleyqm@ameblo.jp,Kelly,Shanley
960,gtreverqn,yGB76!Ky=J#p8,gtreverqn@homestead.com,Gipsy,Trever
961,adurtnelqo,iMR81@q.P%Ws\a./f02#s2n,adurtnelqo@cnn.com,Ardeen,Durtnel
962,hopieqp,fYH63#Z$v5EC~/s,hopieqp@loc.gov,Huberto,Opie
963,kmacdwyerqq,bYQ55>|DhPnZb,kmacdwyerqq@networkadvertising.org,Karney,MacDwyer
964,gjoddensqr,pFS02<u$GpCikcV~y9txv&&N'S,gjoddensqr@bbb.org,Gloriane,Joddens
965,mmaltbyqs,"yTO46,#+qm6l%`fBLDeoC<f8o",mmaltbyqs@pcworld.com,Melania,Maltby
966,umonkhouseqt,jWF83*<h&+%q0j)Dp%gv#EN,umonkhouseqt@wikimedia.org,Ursuline,Monkhouse
967,apatesqu,kKR58)Up.hlM@TL0e,apatesqu@irs.gov,Anallese,Pates
968,lbednallqv,bFZ50>tJs1DTb,lbednallqv@nifty.com,Leonard,Bednall
969,hmartqw,iOD11*}jrGiiIw&cI7P*#>yI,hmartqw@blogspot.com,Horatio,Mart
970,twithamsqx,iYG68|QW`C5SxR?AvP<$,twithamsqx@pen.io,Tracy,Withams
971,cuebelqy,zXO51.CcKvIRap!gApqKzc$bhu,cuebelqy@clickbank.net,Cy,Uebel
972,afigiovanniqz,"rYL17<_Lb,P!$5G",afigiovanniqz@t.co,Adelice,Figiovanni
973,tthodayr0,yIF15{~F\?rd@g1!<1,tthodayr0@youtube.com,Tanney,Thoday
974,spopworthr1,"fTP80*}U),k+_8wYzq/5=",spopworthr1@joomla.org,Sena,Popworth
975,jchallissr2,tCO30\OJAS+5o`I|_WOusf|X,jchallissr2@businessweek.com,Joya,Challiss
976,etubridyr3,dQJ32..tI&H9?okJ5n.XwGI,etubridyr3@mozilla.com,Eden,Tubridy
977,rbeyner4,hWP16&\s6N\P2,rbeyner4@vimeo.com,Rick,Beyne
978,pbanaszczykr5,sRA89/50wbUqg{lX??,pbanaszczykr5@liveinternet.ru,Patrizia,Banaszczyk
979,jhallgathr6,bUD43(PaC/<hx4GUtYsx#,jhallgathr6@about.com,Jackqueline,Hallgath
980,mzanicchir7,jNU26{=F?.$eeQD@9b6Wa67wt,mzanicchir7@wp.com,Maure,Zanicchi
981,gdurninr8,lUE26>z3(T0&e5|Fxm>69NH7DZ,gdurninr8@ucoz.com,Grantham,Durnin
982,getteridger9,"sFG28'k5>\/""g&~B59F7r}js6",getteridger9@creativecommons.org,Gallagher,Etteridge
983,mbinehamra,"cTR24`""}h_EmI%W",mbinehamra@homestead.com,Michelle,Bineham
984,kmaiorrb,kOT27{%Z8kC7I\w,kmaiorrb@deliciousdays.com,Karita,Maior
985,fhukinrc,"vLL67#2E""YU}l{CEPX>_6*P_/",fhukinrc@zdnet.com,Frederica,Hukin
986,cottewellrd,xSN86|vO!'u@1ie!n_jh6M,cottewellrd@smh.com.au,Cristin,Ottewell
987,gricardoure,aXV62&ef_@b+>hDe<s&$aG,gricardoure@mashable.com,Gabbi,Ricardou
988,yballardrf,"aWH30$5k"",1GOE0y",yballardrf@google.ca,Yancy,Ballard
989,jdutsonrg,"qHG15)~+'N!R_S,I>cI<'R`""",jdutsonrg@goodreads.com,Jocelyne,Dutson
990,lpresmanrh,fAD36.~4gJpPiE,lpresmanrh@squidoo.com,Lenee,Presman
991,dscorerri,dLU22$g$!%7#`gq/np`GIX2,dscorerri@biglobe.ne.jp,Dimitri,Scorer
992,atwizellrj,vHR25}U~Be1VvW2,atwizellrj@house.gov,Adolphus,Twizell
993,ccamellirk,"jMD94+?6'4JB,L$39BTHHs""\",ccamellirk@china.com.cn,Collette,Camelli
994,kbothenrl,wGD91_AZwNt5_,kbothenrl@vinaora.com,Karlyn,Bothen
995,tjanosevicrm,"nRF54<lh)4.wq@,e3J",tjanosevicrm@qq.com,Tobias,Janosevic
996,flarkingrn,aXX02%A5DE/k_a,flarkingrn@princeton.edu,Francois,Larking
997,mbaintonro,"gQD73,/LOtJ+IqD~hRjxm*qPg~",mbaintonro@addthis.com,Marjory,Bainton
998,sburtonshawrp,kAL40)o\ipDv7KV\7T3WzMd,sburtonshawrp@pagesperso-orange.fr,Silvain,Burtonshaw
999,vgowlandrq,"wNY88""*jw~4KTLoY{RE6IV",vgowlandrq@ucla.edu,Veronique,Gowland
1000,twackettrr,aVO19(U}I%Bw\zYjUYf,twackettrr@yelp.com,Tricia,Wackett
